"lambda","rej_HL","mcse_HL","rej_EDGE","mcse_EDGE","mean_stat_EDGE","cal_slope","CITL","sd_fitted_pi","MAE_vs_true","n_valid_EDGE","HL_degenerate"
0,0.178,0.0171,0.284,0.0202,3.75,1,0,0.3591,0.1859,500,0
0.01,0.432,0.0222,0.994,0.0035,10.94,1.435,0,0.3044,0.1469,500,0
0.025,0.912,0.0127,1,0,16.88,1.617,0,0.2739,0.1356,500,0
0.05,0.99,0.0044,1,0,20.48,1.736,0,0.2476,0.133,500,0
0.064,0.99,0.0044,1,0,21.31,1.771,0,0.238,0.1336,500,0
0.1,0.998,0.002,1,0,22.5,1.828,0,0.2203,0.1366,500,0
0.2,0.996,0.0028,1,0,23.64,1.924,0,0.1922,0.1449,500,0
0.4,1,0,1,0,26.11,2.103,0,0.1621,0.156,500,0
0.513,1,0,1,0,27.64,2.21,0,0.1505,0.1606,500,0
0.8,1,0,1,0,31.67,2.488,0,0.1287,0.1697,500,0
1.5,1,0,1,0,39.81,3.183,0,0.0967,0.184,500,0
