"lambda_glmnet","lambda_eq","rej_HL","mcse_HL","rej_EDGE","mcse_EDGE","mean_stat_EDGE","mean_stat_HL","sd_fitted_pi","MAE_vs_true","HL_degenerate"
0,0,0.068,0.0113,0.034,0.0081,1.94,8.16,0.1803,0.0401,0
0.005,2.5,0.068,0.0113,0.034,0.0081,1.96,8.16,0.1761,0.0393,0
0.01,5,0.07,0.0114,0.034,0.0081,2.06,8.21,0.1722,0.0388,0
0.02,10,0.068,0.0113,0.046,0.0094,2.45,8.53,0.1651,0.0388,0
0.0268,13.4,0.078,0.012,0.064,0.0109,2.83,8.89,0.1607,0.0392,0
0.05,25,0.118,0.0144,0.17,0.0168,4.48,10.46,0.1474,0.0427,0
0.1,50,0.362,0.0215,0.888,0.0141,8.68,14.55,0.1258,0.0536,0
0.15,75,0.712,0.0203,0.996,0.0028,12.79,18.67,0.1101,0.0636,0
0.2,100,0.916,0.0124,1,0,16.5,22.31,0.098,0.072,0
0.274,137,0.988,0.0049,1,0,21.29,27.01,0.0844,0.0817,0
0.4,200,0.998,0.002,1,0,27.69,33.43,0.0684,0.0935,0
