"lambda","lam","G","HL_S","HL_p","Om_S","Om_p","Om_df","HL_p_fmt","Om_p_fmt"
"lambda.min",19.9,5,10.69,0.013550168306521,10.98,0.00026,1.72,"0.0136","0.0003"
"lambda.min",19.9,10,18.03,0.0209789155257233,18.16,0.000495,4.97,"0.0210","0.0005"
"lambda.min",19.9,20,25.39,0.114572979226662,25.43,0.00534,11.91,"0.1146","0.0053"
"half.1se",147.6,5,20.56,0.000130038908859189,20.91,0,1.83,"0.0001","0.0e+00"
"half.1se",147.6,10,23.3,0.00300102364527678,23.43,5e-06,4.87,"0.0030","5.0e-06"
"half.1se",147.6,20,32.58,0.0187509745963737,32.62,0.000145,11.74,"0.0188","0.0001"
"lambda.1se",295.3,5,26.72,6.72663852410697e-06,27.12,0,1.76,"6.7e-06","0.0e+00"
"lambda.1se",295.3,10,32.92,6.35626452538917e-05,33.03,0,4.84,"6.4e-05","0.0e+00"
"lambda.1se",295.3,20,38.35,0.00348136721429952,38.39,0,11.65,"0.0035","0.0e+00"
"twice.1se",590.6,5,31.25,7.54263385340092e-07,31.64,0,1.87,"7.5e-07","0.0e+00"
"twice.1se",590.6,10,37.1,1.10193428034034e-05,37.21,0,5.08,"1.1e-05","0.0e+00"
"twice.1se",590.6,20,40.55,0.00175505117966853,40.59,5e-06,11.61,"0.0018","5.0e-06"
