"lambda","lam","G","S","p","p_fmt"
"lmin",19.8855411928103,5,10.6586198219253,0.0137226051191725,"0.0137"
"lmin",19.8855411928103,10,18.0193407165324,0.0210819526167214,"0.0211"
"lmin",19.8855411928103,20,25.3761765465457,0.114900252804558,"0.1149"
"half1se",147.646987745385,5,20.5062188254643,0.000133298200361062,"0.0001"
"half1se",147.646987745385,10,23.2465221100949,0.00306174716151276,"0.0031"
"half1se",147.646987745385,20,32.5288215067253,0.0190192578361942,"0.0190"
"l1se",295.29397549077,5,26.6556310460497,6.95183244274397e-06,"6.95e-06"
"l1se",295.29397549077,10,32.8534621703223,6.54469585754896e-05,"6.54e-05"
"l1se",295.29397549077,20,38.2802204394169,0.00355576586954539,"0.0036"
"twice1se",590.587950981541,5,31.1489236832235,7.90832517690879e-07,"7.91e-07"
"twice1se",590.587950981541,10,37.0019243490039,1.14995245361872e-05,"1.15e-05"
"twice1se",590.587950981541,20,40.4502972894202,0.00181169373220368,"0.0018"
