"panel","lambda_g","N","d","ratio","pred_exact","pred_satt","measured"
"A",0,0,7.96721847213722,0,0.0499999628111383,0.0500000000000001,0.068
"A",0.02,0.64765885834554,7.96653825392299,0.0812976047246801,0.073492017700699,0.0730040226124313,0.068
"A",0.05,2.66045554054155,7.96791079711581,0.333878704332889,0.168669113013195,0.165822390764126,0.118
"A",0.1,6.95867203222888,7.97069701397667,0.873011944333694,0.421740180315008,0.41310338224191,0.362
"A",0.2,14.0516675938631,7.97218254069766,1.76261284710145,0.756492130748952,0.74471370115811,0.916
"A",0.274,18.993448836139,7.97498674838574,2.38175121533614,0.882455168452353,0.87340842706095,0.988
"B",0,0,6.0125284274921,0,0.0500000831618459,0.05,0.178
"B",0.01,9.21340357869956,5.96957118741592,1.54289968374,0.666795245712072,0.588674846663311,0.432
"B",0.05,18.5123974030831,5.96631826926515,3.10285511084165,0.946318593188376,0.902385035769922,0.99
"B",0.124,21.4449444023709,5.98480399748399,3.58617135711033,0.972931363342239,0.942983518397893,0.994
"B",0.513,26.7019817288747,6.01203739496413,4.44306617295329,0.993514896667551,0.982141482171535,1
"B",1.5,38.7926394254544,6.03057844676357,6.43535259985406,0.999677378162572,0.99873739922831,1
