"panel","alt","gamma","dec","edge","dec_adj","edge_adj","mle_dec","mle_edge","se"
"A","quad",0,0.0445,0.046,0.052,0.053,0.044,0.054,0.0112
"A","quad",0.25,0.076,0.115,0.082,0.1305,0.089,0.1205,0.0112
"A","quad",0.5,0.1475,0.2615,0.166,0.282,0.1715,0.2675,0.0112
"A","quad",0.75,0.2015,0.3755,0.2175,0.394,0.235,0.3835,0.0112
"A","quad",1,0.27,0.415,0.2885,0.43,0.296,0.408,0.0112
"A","inter",0,0.0445,0.046,0.052,0.053,0.044,0.054,0.0112
"A","inter",0.25,0.0595,0.075,0.068,0.083,0.063,0.087,0.0112
"A","inter",0.5,0.1055,0.1885,0.1185,0.2045,0.129,0.2065,0.0112
"A","inter",0.75,0.194,0.3555,0.214,0.3745,0.2275,0.378,0.0112
"A","inter",1,0.2835,0.4615,0.308,0.4855,0.3265,0.4885,0.0112
"B","quad",0,0.064,0.0495,0.056,0.058,NA,NA,0.0112
"B","quad",0.5,0.0595,0.0485,0.0535,0.057,NA,NA,0.0112
"B","quad",1,0.0635,0.06,0.0525,0.067,NA,NA,0.0112
"B","quad",1.5,0.074,0.063,0.0655,0.0675,NA,NA,0.0112
