"lambda","lam","G","tau","kappa_F","p_dec","p_edge","norm_ratio","gen_min","gen_max","gen_sd","pinned","events_gen","events_obs","max_gen_shift"
"lambda.min",19.9,5,0,96900000,0.034,0.452,622.7,1e-06,1,0.3819,1,98.5,98,0
"lambda.min",19.9,5,1e-09,96900000,0.034,0.452,622.7,1e-06,1,0.3819,1,98.5,98,7.25e-10
"lambda.min",19.9,5,1e-07,96900000,0.082,0.484,199.3,1e-06,1,0.3826,1,98,98,0.297
"lambda.min",19.9,5,1e-05,96900000,0.092,0.39,15.4,1e-06,1,0.3834,1,97.8,98,0.456
"lambda.min",19.9,10,0,96900000,0.076,0.166,622.7,1e-06,1,0.3819,1,98.5,98,0
"lambda.min",19.9,10,1e-09,96900000,0.076,0.166,622.7,1e-06,1,0.3819,1,98.5,98,7.25e-10
"lambda.min",19.9,10,1e-07,96900000,0.094,0.098,199.3,1e-06,1,0.3826,1,98,98,0.297
"lambda.min",19.9,10,1e-05,96900000,0.104,0.052,15.4,1e-06,1,0.3834,1,97.8,98,0.456
"lambda.min",19.9,20,0,96900000,0.134,0.152,622.7,1e-06,1,0.3819,1,98.5,98,0
"lambda.min",19.9,20,1e-09,96900000,0.134,0.152,622.7,1e-06,1,0.3819,1,98.5,98,7.25e-10
"lambda.min",19.9,20,1e-07,96900000,0.138,0.132,199.3,1e-06,1,0.3826,1,98,98,0.297
"lambda.min",19.9,20,1e-05,96900000,0.138,0.074,15.4,1e-06,1,0.3834,1,97.8,98,0.456
"0.5*1se",147.6,5,0,86800000,0.038,0.1,973.1,2.23e-05,0.9988,0.3548,0,97.1,98,0
"0.5*1se",147.6,5,1e-09,86800000,0.038,0.1,973.1,2.23e-05,0.9988,0.3548,0,97.1,98,3.94e-10
"0.5*1se",147.6,5,1e-07,86800000,0.058,0.132,325.5,1.74e-05,0.9987,0.3544,0,96.9,98,0.109
"0.5*1se",147.6,5,1e-05,86800000,0.05,0.094,27.7,7.76e-05,0.9986,0.3539,0,96.9,98,0.218
"0.5*1se",147.6,10,0,86800000,0.084,0.05,973.1,2.23e-05,0.9988,0.3548,0,97.1,98,0
"0.5*1se",147.6,10,1e-09,86800000,0.084,0.05,973.1,2.23e-05,0.9988,0.3548,0,97.1,98,3.94e-10
"0.5*1se",147.6,10,1e-07,86800000,0.104,0.066,325.5,1.74e-05,0.9987,0.3544,0,96.9,98,0.109
"0.5*1se",147.6,10,1e-05,86800000,0.106,0.062,27.7,7.76e-05,0.9986,0.3539,0,96.9,98,0.218
"0.5*1se",147.6,20,0,86800000,0.062,0.108,973.1,2.23e-05,0.9988,0.3548,0,97.1,98,0
"0.5*1se",147.6,20,1e-09,86800000,0.062,0.108,973.1,2.23e-05,0.9988,0.3548,0,97.1,98,3.94e-10
"0.5*1se",147.6,20,1e-07,86800000,0.112,0.124,325.5,1.74e-05,0.9987,0.3544,0,96.9,98,0.109
"0.5*1se",147.6,20,1e-05,86800000,0.09,0.114,27.7,7.76e-05,0.9986,0.3539,0,96.9,98,0.218
"lambda.1se",295.3,5,0,85800000,0.022,0.238,1216.7,0.000911,0.9966,0.3427,0,96.7,98,0
"lambda.1se",295.3,5,1e-09,85800000,0.022,0.238,1216.7,0.000911,0.9966,0.3427,0,96.7,98,7.4e-10
"lambda.1se",295.3,5,1e-07,85800000,0.036,0.3,413.3,0.000875,0.9964,0.3419,0,96.6,98,0.107
"lambda.1se",295.3,5,1e-05,85800000,0.056,0.252,36.5,0.00121,0.9965,0.3408,0,96.6,98,0.197
"lambda.1se",295.3,10,0,85800000,0.036,0.032,1216.7,0.000911,0.9966,0.3427,0,96.7,98,0
"lambda.1se",295.3,10,1e-09,85800000,0.036,0.032,1216.7,0.000911,0.9966,0.3427,0,96.7,98,7.4e-10
"lambda.1se",295.3,10,1e-07,85800000,0.048,0.048,413.3,0.000875,0.9964,0.3419,0,96.6,98,0.107
"lambda.1se",295.3,10,1e-05,85800000,0.032,0.044,36.5,0.00121,0.9965,0.3408,0,96.6,98,0.197
"lambda.1se",295.3,20,0,85800000,0.162,0.08,1216.7,0.000911,0.9966,0.3427,0,96.7,98,0
"lambda.1se",295.3,20,1e-09,85800000,0.162,0.08,1216.7,0.000911,0.9966,0.3427,0,96.7,98,7.4e-10
"lambda.1se",295.3,20,1e-07,85800000,0.194,0.12,413.3,0.000875,0.9964,0.3419,0,96.6,98,0.107
"lambda.1se",295.3,20,1e-05,85800000,0.228,0.12,36.5,0.00121,0.9965,0.3408,0,96.6,98,0.197
"2*1se",590.6,5,0,89600000,0.324,0.502,1640.8,0.00838,0.9926,0.3308,0,96.6,98,0
"2*1se",590.6,5,1e-09,89600000,0.324,0.502,1640.8,0.00838,0.9926,0.3308,0,96.6,98,4.49e-10
"2*1se",590.6,5,1e-07,89600000,0.358,0.566,543.7,0.00835,0.9922,0.3296,0,96.5,98,0.109
"2*1se",590.6,5,1e-05,89600000,0.334,0.516,50.6,0.00895,0.9928,0.3279,0,96.5,98,0.192
"2*1se",590.6,10,0,89600000,0.262,0.064,1640.8,0.00838,0.9926,0.3308,0,96.6,98,0
"2*1se",590.6,10,1e-09,89600000,0.262,0.064,1640.8,0.00838,0.9926,0.3308,0,96.6,98,4.49e-10
"2*1se",590.6,10,1e-07,89600000,0.256,0.098,543.7,0.00835,0.9922,0.3296,0,96.5,98,0.109
"2*1se",590.6,10,1e-05,89600000,0.242,0.074,50.6,0.00895,0.9928,0.3279,0,96.5,98,0.192
"2*1se",590.6,20,0,89600000,0.656,0.12,1640.8,0.00838,0.9926,0.3308,0,96.6,98,0
"2*1se",590.6,20,1e-09,89600000,0.656,0.12,1640.8,0.00838,0.9926,0.3308,0,96.6,98,4.49e-10
"2*1se",590.6,20,1e-07,89600000,0.64,0.152,543.7,0.00835,0.9922,0.3296,0,96.5,98,0.109
"2*1se",590.6,20,1e-05,89600000,0.636,0.16,50.6,0.00895,0.9928,0.3279,0,96.5,98,0.192
