"lambda","lam","G","seed","p_dec","p_edge"
"lambda.min",19.9,10,1,0.036,0.106
"lambda.min",19.9,10,2,0.054,0.096
"lambda.min",19.9,10,3,0.066,0.112
"lambda.min",19.9,10,4,0.044,0.096
"lambda.min",19.9,10,5,0.054,0.136
"lambda.min",19.9,10,6,0.054,0.112
"lambda.min",19.9,10,7,0.06,0.122
"lambda.min",19.9,10,8,0.054,0.1
"lambda.1se",295.3,10,1,0.028,0.05
"lambda.1se",295.3,10,2,0.042,0.04
"lambda.1se",295.3,10,3,0.026,0.048
"lambda.1se",295.3,10,4,0.028,0.05
"lambda.1se",295.3,10,5,0.014,0.056
"lambda.1se",295.3,10,6,0.038,0.034
"lambda.1se",295.3,10,7,0.028,0.036
"lambda.1se",295.3,10,8,0.028,0.042
