"seed","lam","p_dec","p_edge"
420001,124.44061577032,0.27,0.75
420002,515.03045586599,0.932,0.544
420003,220.959252625484,0.81,0.148
420004,179.746088253496,0.096,0.326
420005,296.565686227634,0.134,0.136
420006,96.184694528972,0.608,0.096
420007,252.78830010243,0.354,0.104
420008,503.160664810577,0.85,0.862
420009,231.328246486161,0.48,0.388
420010,184.703297618917,0.45,0.094
420011,183.674682649127,0.198,0.982
420012,258.809481569604,0.208,0.056
420013,145.115290750461,0.284,0.198
420014,178.422405634643,0.65,0.388
420015,150.857932845136,0.74,0.536
420016,161.781852083341,0.558,0.682
420017,271.990464777343,0.42,0.064
420018,334.266877281162,0.522,0.52
420019,70.0970090997798,0.548,0.16
420020,244.320489742459,0.198,0.242
420021,172.327553064777,0.75,0.5
420022,203.480361676994,0.146,0.004
420023,358.198159494495,0.204,0.464
420024,233.00888773635,0.654,0.54
420025,256.177001704465,0.896,0.624
420026,208.389220464372,0.808,0.114
420027,73.1136018777951,0.516,0.378
420028,150.576377906577,0.118,0.022
420029,241.325061041758,0.302,0.684
420030,156.068977106777,0.9,0.602
420031,216.568750245433,0.87,0.408
420032,217.677636935868,0.566,0.164
420033,107.528357261569,0.122,0.124
420034,374.803237300734,0.054,0.276
420035,433.23492980179,0.95,0.372
420036,190.720890954148,0.048,0.462
420037,312.389868074907,0.154,0.148
420038,175.937978389318,0.482,0.456
420039,87.0207693197824,0.898,0.204
420040,347.200395365565,0.404,0.318
420041,338.105185747459,0.532,0.788
420042,243.769543109624,0.718,0.502
420043,144.228615102202,0.694,0.04
420044,108.44362697511,0.638,0.522
420045,142.290021759118,0.682,0.104
420046,220.88945696041,0.092,0.288
420047,559.754479638303,0.118,0.858
420048,175.693250397022,0.916,0.716
420049,93.4509480870348,0.49,0.192
420050,183.38570421362,0.942,0.448
420051,304.923275017023,0.826,0.6
420052,193.344609933912,0.642,0.316
420053,76.7066518753078,0.588,0.402
420054,150.809739094994,0.916,0.836
420055,103.664386287019,0.48,0.046
420056,405.71538871051,0.574,0.424
420057,235.527667713634,0.246,0.438
420058,617.340665729954,0.07,0.746
420059,180.509089385565,0.764,0.646
420060,121.94972510432,0.13,0.958
420061,128.458956926134,0.712,0.274
420062,157.921442639703,0.092,0.236
420063,207.037889013662,0.246,0.224
420064,113.567244162818,0.792,0.522
420065,438.334132570977,0.784,0.782
420066,127.675088448896,0.214,0.084
420067,199.552944587096,0.572,0.538
420068,63.9813274015627,0.47,0.47
420069,95.176868110283,0.432,0.114
420070,277.223391392418,0.854,0.684
420071,160.343711000821,0.882,0.782
420072,110.011924033589,0.326,0.196
420073,131.006780742484,0.816,0.528
420074,66.1357648604931,0.006,0.654
420075,349.506837801513,0.766,0.128
420076,326.884324428944,0.504,0.18
420077,93.571432230277,0.63,0.146
420078,204.594638303097,0.696,0.56
420079,209.12119166684,0.586,0.208
420080,215.267548527325,0.078,0.894
420081,262.455074781658,0.338,0.436
420082,169.393016959408,0.662,0.644
420083,240.448957656167,0.872,0.838
420084,210.962049559743,0.47,0.048
420085,86.1010951761247,0.79,0.23
420086,354.39005035087,0.004,0.164
420087,255.442464605878,0.422,0.646
420088,173.944199227243,0.498,0.05
420089,102.356320155897,0.296,0.054
420090,138.487206533216,0.902,0.974
420091,186.060918061645,0.876,0.286
420092,220.306401152401,0.466,0.206
420093,220.269013717817,0.268,0.326
420094,95.5662635153618,0.538,0.958
420095,132.735349699902,0.586,0.98
420096,275.889002051486,0.176,0.658
420097,184.208684627821,0.92,0.992
420098,198.910129306445,0.74,0.41
420099,208.159361634276,0.218,0.332
420100,223.821766812242,0.024,0.05
420101,229.749889743795,0.63,0.34
420102,282.319948182408,0.074,0.026
420103,249.889313977818,0.184,0.046
420104,304.112463924255,0.54,0.482
420105,106.929865425315,0.562,0.528
420106,187.773658430985,0.238,0.34
420107,147.941968885564,0.692,0.258
420108,232.767631638185,0.562,0.522
420109,271.797614955509,0.604,0.662
420110,178.632590119845,0.526,0.46
420111,241.912908152438,0.32,0.638
420112,123.773186816068,0.362,0.278
420113,125.190299265386,0.7,0.504
420114,248.616595940034,0.856,0.628
420115,132.542733634964,0.76,0.204
420116,345.054919528686,0.928,0.612
420117,186.526682720796,0.476,0.154
420118,190.846692471571,0.716,0.186
420119,294.876202370706,0.782,0.394
420120,233.447693902491,0.214,0.466
420121,309.898368879478,0.378,0.522
420122,155.569114459283,0.898,0.192
420123,113.359146321662,0.188,0.098
420124,155.776401145334,0.284,0.954
420125,187.843672556049,0.826,0.884
420126,138.376216689414,0.938,0.42
420127,163.281627783684,0.606,0.048
420128,343.556600100945,0.23,0.01
420129,171.656419390707,0.238,0.19
420130,144.441044897237,0.398,0.096
420131,406.172360278505,0.166,0.696
420132,217.194072250075,0.818,0.894
420133,229.510398555489,0.792,0.852
420134,168.464948814202,0.084,0.014
420135,98.2284010287937,0.136,0.28
420136,111.336615278963,0.646,0.932
420137,236.368788960571,0.792,0.14
420138,293.021579865073,0.016,0.048
420139,130.681471702935,0.744,0.22
420140,213.1948651001,0.262,0.84
420141,84.8378433719294,0.29,0.196
420142,354.863662219562,0.654,0.214
420143,127.190787971053,0.024,0.23
420144,235.863424582571,0.86,0.98
420145,142.497614451135,0.526,0.544
420146,132.540076735376,0.254,0.716
420147,211.337032935238,0.42,0.24
420148,224.179142161459,0.632,0.982
420149,102.537124005996,0.048,0.336
420150,404.414440654046,0.404,0.496
420151,132.121594961297,0.162,0.048
420152,383.101252572757,0.258,0.024
420153,198.948619768872,0.896,0.85
420154,371.888128504233,0.308,0.644
420155,188.845936340022,0.226,0.372
420156,235.632945942513,0.972,0.34
420157,317.72650378061,0.282,0.83
420158,382.208121241024,0.342,0.898
420159,570.96911106397,0.924,0.506
420160,202.285393859535,0.85,0.378
420161,325.218127335767,0.344,0.738
420162,155.35264987577,0.932,0.77
420163,156.440357102566,0.552,0.524
420164,153.261394885966,0.554,0.07
420165,251.35343125854,0.07,0.258
420166,76.5482860764815,0.496,0.346
420167,287.335983246942,0.77,0.976
420168,241.650750156948,0.404,0.156
420169,475.435982306887,0.322,0.748
420170,210.737005817468,0.806,0.642
420171,194.506712393877,0.952,0.874
420172,219.944429202696,0.13,0.018
420173,83.4826365773357,0.964,0.938
420174,48.4351100872968,0.978,0.432
420175,166.219043472092,0.758,0.708
420176,250.003411400784,0.084,0.648
420177,209.56964823161,0.132,0.574
420178,193.532546159012,0.268,0.174
420179,136.689247289733,0.114,0.676
420180,421.066020767167,0.59,0.508
420181,152.836883580692,0.97,0.946
420182,237.107423251017,0.974,0.822
420183,118.338171513817,0.196,0.17
420184,246.484742622592,0.214,0.22
420185,154.915354782375,0.454,0.222
420186,264.73014267663,0.284,0.166
420187,190.31830973503,0.022,0.038
420188,526.387383615519,0.132,0.64
420189,115.825602157011,0.6,0.398
420190,215.942103406035,0.574,0.394
420191,149.380543707798,0.416,0.934
420192,317.956009717568,0.556,0.178
420193,407.584925557894,0.21,0.014
420194,144.128327171304,0.748,0.986
420195,465.237293935879,0.186,0.16
420196,202.480849684703,0.606,0.078
420197,166.575070369469,0.712,0.104
420198,136.82324158804,0.7,0.574
420199,373.149004096563,0.356,0.422
420200,153.978851182823,0.458,0.344
420201,63.9580148926335,0.204,0.038
420202,196.836415362638,0.152,0.34
420203,137.874619392767,0.412,0.554
420204,154.117194499725,0.59,0.24
420205,381.663189616189,0.726,0.1
420206,254.558143856072,0.474,0.374
420207,168.915432728204,0.356,0.092
420208,169.335349880522,0.526,0.184
420209,111.562108323814,0.896,0.82
420210,194.810955011749,0.91,0.968
420211,244.458870047261,0.264,0.232
420212,185.951480469193,0.43,0.522
420213,122.217858606564,0.86,0.57
420214,206.152430984935,0.974,0.418
420215,127.384000172,0.044,0.012
420216,138.25714890058,0.95,0.788
420217,466.616538691759,0.258,0.498
420218,139.751067451747,0.104,0.87
420219,404.142562837559,0.406,0.592
420220,179.193864874546,0.306,0.142
420221,167.888690192286,0.342,0.11
420222,121.053405110458,0.134,0.982
420223,200.826365004655,0.25,0.62
420224,238.057193407679,0.464,0.234
420225,179.277630707798,0.448,0.43
420226,284.55260139577,0.236,0.556
420227,121.692907852164,0.474,0.414
420228,139.876051273751,0.416,0.04
420229,244.537107591397,0.37,0.096
420230,414.588620454452,0.998,0.984
420231,119.65015578648,0.956,0.984
420232,163.362303990752,0.878,0.572
420233,189.97306767006,0.424,0.628
420234,233.358381103123,0.474,0.134
420235,291.650284371028,0.17,0.434
420236,247.595816285565,0.556,0.73
420237,220.817495306635,0.662,0.156
420238,110.223396180885,0.384,0.83
420239,194.570460692573,0.468,0.32
420240,220.510796060714,0.316,0.106
420241,181.812550105502,0.216,0.46
420242,101.919665161755,0.21,0.046
420243,153.14057286655,0.486,0.282
420244,119.864155378948,0.934,0.832
420245,219.607921174774,0.746,0.14
420246,140.287436778037,0.08,1
420247,190.3496953773,0.53,0.55
420248,362.633338362962,0.662,0.776
420249,214.054213879308,0.49,0.446
420250,97.3597653857101,0.83,0.474
420251,210.460599604749,0.054,0.08
420252,106.235500981589,0.504,0.08
420253,114.22578275578,0.394,0.094
420254,177.98223577598,0.172,0.364
420255,189.225883445154,0.61,0.266
420256,82.5031860730077,0.088,0.004
420257,196.850748317498,0.416,0.424
420258,148.369326458566,0.13,0.06
420259,229.775605515641,0.914,0.41
420260,306.256954016722,0.592,0.976
420261,224.943948533062,0.132,0.878
420262,218.313952487807,0.122,0.688
420263,173.242746152554,0.952,0.534
420264,234.464770056362,0.658,0.69
420265,354.595100601719,0.256,0.37
420266,421.781943562425,0.79,0.162
420267,188.069407752375,0.488,0.926
420268,33.9241844912525,0.676,0.19
420269,177.790211823142,0.672,0.216
420270,438.067660542677,0.216,0.692
420271,464.499703767776,0.098,0.012
420272,243.339017506809,0.964,0.568
420273,201.36301817675,0.162,0.322
420274,47.8767214257942,0.82,0.726
420275,104.605018877217,0.216,0.384
420276,114.202231032933,0.294,0.886
420277,194.259018550048,0.848,0.732
420278,231.318383980713,0.368,0.06
420279,177.16326820243,0.968,0.936
420280,297.558069476137,0.966,0.78
420281,202.653348390012,0.404,0.732
420282,374.991259966497,0.556,0.912
420283,178.099637771298,0.396,0.678
420284,113.727765359957,0.626,0.806
420285,157.272503093237,0.894,0.192
420286,212.13651557058,0.882,0.808
420287,168.07656638844,0.176,0.534
420288,113.171602283063,0.114,0.108
420289,71.0225908391158,0.86,0.048
420290,224.040155849626,0.018,0.042
420291,188.64908898453,0.474,0.572
420292,105.161423325216,1,0.746
420293,399.71756080566,0.038,0.722
420294,183.669733094226,0.244,0.064
420295,95.4299247513122,0.702,0.3
420296,155.133995050019,0.708,0.408
420297,276.076747324514,0.996,0.334
420298,304.401332365802,0.174,0.016
420299,163.743375015918,0.062,0.156
420300,358.834901884396,0.744,0.162
420301,439.867734226025,0.384,0.286
420302,428.991150668404,0.11,0.18
420303,188.80438928897,0.99,0.794
420304,89.0759275055811,0.768,0.14
420305,90.7958749168591,0.54,0.764
420306,202.469985423917,0.466,0.296
420307,352.271558662198,0.654,0.208
420308,286.899737789774,0.658,0.956
420309,254.473955882465,0.818,0.612
420310,281.695590631729,0.602,0.38
420311,172.567409107788,0.1,0.018
420312,230.260807097228,0.718,0.76
420313,105.180934844318,0.728,0.17
420314,221.221339102429,0.908,0.856
420315,282.943965575397,0.006,0.37
420316,207.002796451759,0.834,0.438
420317,187.118535556278,0.306,0.274
420318,452.412565208275,0.62,0.596
420319,170.166797375497,0.586,0.034
420320,129.557321905528,0.772,0.162
420321,248.849963663688,0.004,0.576
420322,214.610379434413,0.85,0.762
420323,387.941372431375,0.904,0.822
420324,278.739305791487,0.512,0.31
420325,110.420610998639,0.376,0.196
420326,121.162603502583,0.808,0.916
420327,338.30125424719,0.194,0.016
420328,224.152970080301,0.456,0.122
420329,68.987938928356,0.722,0.124
420330,520.411863325581,0.716,0.26
420331,93.7933212226485,0.444,0.414
420332,162.504931380232,0.22,0.352
420333,59.0765593186409,0.958,0.736
420334,516.796838543508,0.014,0.774
420335,146.600378236043,0.11,0.008
420336,214.937322451056,0.564,0.77
420337,144.67560555516,0.298,0.138
420338,92.3557379646723,0.84,0.504
420339,144.823033262229,0.316,0.152
420340,117.583895272205,0.898,0.82
420341,214.020966952587,0.758,0.886
420342,219.023669047555,0.06,0.388
420343,96.8077862282357,0.392,0.082
420344,167.656683460158,0.206,0.572
420345,160.870862366261,0.684,0.488
420346,133.973001521044,0.438,0.058
420347,95.827241500814,0.488,0.246
420348,270.149792166505,0.11,0.062
420349,98.6499156932429,0.44,0.044
420350,114.64846841391,0.096,0.146
420351,121.44875308422,0.412,0.334
420352,254.879280993423,0.394,0.15
420353,285.822655339093,0.374,0.022
420354,155.330762084608,0.404,0.496
420355,507.821431112681,0.254,0.562
420356,68.4882609123048,0.056,0.75
420357,146.185054418777,0.476,0.114
420358,191.091210694978,0.216,0.792
420359,173.547562659959,0.176,0.024
420360,128.768054874989,0.616,0.5
420361,357.585163786594,0.742,0.32
420362,358.135878038512,0.894,0.706
420363,170.366602266524,0.21,0.122
420364,265.364275645176,0.206,0.326
420365,223.653514084659,0.284,0.888
420366,340.91855971956,0.914,0.572
420367,570.682132135463,0.296,0.048
420368,145.835252556259,0.6,0.76
420369,191.364212223979,0.626,0.254
420370,199.61417746067,0.854,0.452
420371,67.9802625893619,0.972,0.586
420372,264.40442110092,0.29,0.09
420373,282.785133197209,0.762,1
420374,180.646654951195,0.258,0.324
420375,343.641953929131,0.532,0.628
420376,384.207775881375,0.32,0.04
420377,164.504799345506,0.656,0.94
420378,146.934689253573,0.542,0.298
420379,70.2824796000559,0.004,0.984
420380,363.907685725499,0.85,0.342
420381,207.067035378286,0.398,0.702
420382,136.823136857731,0.866,0.492
420383,132.575592084668,0.34,0.468
420384,194.296977415846,0.898,0.274
420385,213.538010164166,0.93,0.94
420386,151.867631719616,0.74,0.976
420387,221.922173433608,0.756,0.298
420388,339.998420258582,0.784,0.528
420389,364.657337327531,0.044,0.352
420390,127.866821774713,0.436,0.936
420391,231.59325682401,0.464,0.174
420392,381.828587202507,0.402,0.168
420393,292.352577155944,0.736,0.298
420394,192.925128753572,0.122,0.408
420395,110.881911857648,0.202,0.356
420396,207.391619893407,0.984,0.824
420397,244.217156076645,0.954,0.984
420398,98.6547903526277,0.726,0.236
420399,306.720446361835,0.954,0.532
420400,126.306062916069,0.836,0.986
420401,185.990269543394,0.846,0.156
420402,233.862085187485,0.79,0.466
420403,153.366471825556,0.974,0.418
420404,154.34924139594,0.984,0.59
420405,399.762026803684,0.668,0.62
420406,155.456035698068,0.856,0.498
420407,292.906880563489,0.624,0.906
420408,285.225870349851,0.496,0.026
420409,200.870192251201,0.51,0.328
420410,377.483792030294,0.494,0.578
420411,382.855769063694,0.1,0.356
420412,313.951225958367,0.402,0.082
420413,389.722874907025,0.818,0.844
420414,94.6237337860802,0.65,0.512
420415,183.627735801126,0.946,0.248
420416,229.70714243124,0.4,0.126
420417,69.7328559210182,0.646,0.83
420418,196.893601790597,0.712,0.944
420419,75.5865773999626,0.914,0.824
420420,249.093025669284,0.008,0.028
420421,197.916428481265,0.9,0.996
420422,235.799546195395,0.574,0.196
420423,209.746513671482,0.012,0.02
420424,253.468161193881,0.724,0.574
420425,184.257716260357,0.9,0.622
420426,206.282733202972,0.69,0.274
420427,256.870001764759,0.892,0.47
420428,126.275431219669,0.886,0.452
420429,253.422344669391,0.552,0.114
420430,235.883477101481,0.304,0.434
420431,269.826126790483,0.226,0.016
420432,248.998999125835,0.876,0.716
420433,198.746833327081,0.336,0.582
420434,224.809308579737,0.718,0.962
420435,97.1221400931173,0.41,0.86
420436,146.522466006863,0.77,1
420437,196.218652811881,0.9,0.562
420438,563.246855591218,0.562,0.434
420439,147.045516874236,0.796,0.222
420440,282.405764507747,0.918,0.922
420441,196.025064463735,0.478,0.176
420442,182.369895830151,0.392,0.852
420443,205.680374486113,0.4,0.388
420444,238.587286031537,0.338,0.59
420445,180.490168364637,0.092,0.19
420446,171.004372054747,0.14,0.594
420447,204.447651452747,0.294,0.894
420448,111.245390306511,0.41,0.89
420449,331.862034073854,0.198,0.012
420450,223.855218405212,0.46,0.732
420451,184.138081084838,0.852,0.532
420452,596.473817498013,0.058,0.484
420453,159.460281478702,0.202,0.724
420454,268.816136416597,0.054,0.26
420455,341.96006755746,0.34,0.274
420456,448.980482291485,0.5,0.056
420457,537.65035434163,0.952,0.51
420458,291.821917021706,0.466,0.116
420459,361.865943367573,0.372,0.064
420460,120.376468796508,0.446,0.78
420461,234.711223820595,0.762,0.198
420462,339.136601271162,0.456,0.466
420463,250.08189765792,0.488,0.128
420464,263.666484664459,0.954,0.446
420465,149.386127008861,0.122,0.27
420466,137.49417295437,0.312,0.246
420467,143.951471889795,0.586,0.824
420468,200.560893375839,0.376,0.296
420469,122.134687634235,0.8,0.95
420470,239.471634582246,0.34,0.528
420471,166.223171148945,0.06,0.268
420472,182.183759643665,0.774,0.286
420473,205.839575977224,0.564,0.318
420474,333.53382200525,0.674,0.806
420475,118.919525082645,0.786,0.46
420476,245.261129763461,0.714,0.48
420477,315.637588663822,0.996,0.808
420478,246.219748688422,0.024,0.312
420479,184.331716186583,0.61,0.138
420480,205.244062754583,0.124,0.702
420481,431.494419453454,0.034,0.57
420482,146.335725357977,0.162,0.1
420483,141.804925771171,0.218,0.686
420484,226.919213658199,0.366,0.188
420485,288.91204305129,0.984,0.628
420486,276.031713159369,0.082,0.106
420487,153.138473849059,0.326,0.09
420488,150.932350215272,0.246,0.53
420489,238.409484288603,0.62,0.57
420490,199.619927677782,0.648,0.148
420491,153.462004203509,0.808,0.59
420492,215.587959582925,0.144,0.62
420493,200.049669548864,0.6,0.326
420494,209.174185057064,0.686,0.354
420495,406.533884851112,0.206,0.19
420496,111.823508780137,0.612,0.522
420497,297.353382091378,0.332,0.708
420498,101.558937017189,0.292,0.984
420499,217.200034006475,0.96,0.404
420500,157.376508525745,0.254,0.596
420501,279.274586638149,0.12,0.306
420502,263.693365528034,0.106,0.534
420503,232.473922125284,0.206,0.378
420504,267.133942268102,0.424,0.612
420505,141.823815596857,0.246,0.236
420506,172.517835953169,0.892,0.308
420507,123.913420228683,0.75,0.478
420508,342.235557294854,0.444,0.458
420509,317.071119764829,0.916,0.838
420510,572.321292421978,0.112,0.39
420511,226.736856994646,0.074,0.04
420512,288.238482950662,0.678,0.282
420513,209.929340867755,0.562,0.166
420514,225.85755039614,0.908,0.884
420515,212.077560423956,0.438,0.338
420516,389.740552236154,0.12,0.008
420517,182.513187099175,0.89,0.768
420518,206.378323495157,0.75,0.586
420519,416.799079073526,0.774,0.9
420520,200.695489495574,0.19,0.082
420521,153.397170041793,0.338,0.642
420522,161.890445226607,0.732,0.244
420523,237.820599727166,0.19,0.822
420524,112.565106276101,0.018,0.09
420525,168.067079817853,0.392,0.12
420526,437.719079271695,0.274,0.72
420527,111.829436290436,0.272,0.14
420528,188.813970487335,0.074,0.004
420529,126.22468943539,0.544,0.324
420530,173.153851047247,0.784,0.584
420531,134.86993507613,0.592,0.834
420532,232.737199981263,0.15,0.948
420533,205.510771797433,0.166,0.302
420534,390.197522339152,0.264,0.854
420535,258.986940977773,0.146,0.026
420536,264.97716937287,0.65,0.676
420537,150.71248785242,0.942,0.564
420538,134.673574854423,0.466,0.236
420539,207.993420183714,0.264,0.106
420540,234.562927466656,0.39,0.562
420541,138.987675488118,0.338,0.182
420542,156.661167859553,0.698,0.922
420543,107.006205986118,0.602,0.53
420544,316.763462700489,0.886,0.39
420545,410.628246263583,0.83,0.888
420546,147.659283253073,0.31,0.19
420547,99.685609899815,0.02,0.212
420548,280.020250343301,0.488,0.08
420549,203.839075496272,0.272,0.114
420550,153.31736456908,0.246,0.088
420551,156.951058447426,0.996,0.988
420552,475.59693581571,0.804,0.578
420553,284.691280927484,0.36,0.808
420554,111.349437226395,0.486,0.126
420555,268.363411516596,0.28,0.444
420556,320.859647646383,0.064,0.056
420557,181.695319838801,0.632,0.596
420558,67.2876067344118,0.24,0.052
420559,357.294236741451,0.008,0.086
420560,563.201071543952,0.416,0.798
420561,260.967445355255,0.234,0.816
420562,201.216974013291,0.128,0.048
420563,326.51925369871,0.492,0.614
420564,213.93630358606,0.724,0.884
420565,261.691807807451,0.912,0.212
420566,203.351801257695,0.436,0.716
420567,287.203597635617,0.146,0.06
420568,89.4252469175328,0.214,0.238
420569,96.4668091043214,0.526,0.402
420570,100.20747389713,0.98,0.68
420571,296.463114937678,0.242,0.06
420572,236.226296518714,0.702,0.252
420573,85.628717093246,0.426,0.044
420574,61.5152569753793,0.718,0.302
420575,359.226969198454,0.842,0.638
420576,108.626606177347,0.914,0.492
420577,149.479725622606,0.764,0.65
420578,177.810010042744,0.484,0.554
420579,327.817794987832,0.116,0.042
420580,206.717911391154,0.582,0.346
420581,68.0849095178906,0.498,0.494
420582,206.742450863164,0.562,0.668
420583,91.9793744421691,0.16,0.78
420584,171.924003829058,0.772,0.384
420585,597.414559116941,0.566,0.344
420586,244.18624420187,0.364,0.532
420587,272.069637357994,0.934,0.812
420588,147.603972126455,0.548,0.32
420589,199.558083899299,0.828,0.408
420590,134.478275611735,0.574,0.828
420591,159.879697536566,0.074,0.018
420592,159.920286187327,0.774,0.55
420593,174.613615405316,0.894,0.862
420594,155.223527871487,0.564,0.636
420595,185.112259221489,0.224,0.588
420596,194.391678854104,0.748,0.32
420597,247.79155317401,0.028,0.006
420598,101.521937654484,0.63,0.682
420599,355.105007620203,0.212,0.07
420600,365.393129788137,0.892,0.378
420601,383.24786654571,0.988,0.976
420602,438.526943194772,0.83,0.504
420603,171.141309740324,0.856,0.982
420604,319.663783331518,0.102,0.454
420605,238.416027308892,0.754,0.056
420606,420.316216374354,0.444,0.784
420607,177.976645057722,0.602,0.284
420608,392.314607363262,0.372,0.694
420609,167.197179845987,0.23,0.966
420610,214.374667280753,0.654,0.89
420611,197.914115178681,0.094,0.176
420612,141.339204593228,0.498,0.462
420613,290.504023454003,0.136,0.246
420614,242.617647820254,0.268,0.53
420615,453.08225314334,0.526,0.428
420616,106.114929171857,0.4,0.376
420617,237.714148575443,0.19,0.102
420618,179.647394811866,0.312,0.09
420619,137.371863833222,0.854,0.74
420620,317.97876377569,0.46,0.252
420621,285.564760365398,0.034,0.772
420622,300.676760713806,0.55,0.138
420623,182.543796876114,0.012,0.04
420624,392.212305364193,0.294,0.498
420625,102.460323884989,0.724,0.658
420626,340.807417951566,0.65,0.692
420627,251.813956347759,0.564,0.904
420628,174.208169733386,0.92,0.364
420629,196.705287936977,0.428,0.09
420630,351.246336031714,0.294,0.088
420631,103.698059392566,0.658,0.954
420632,132.317189703529,0.55,0.464
420633,350.232715714949,0.662,0.212
420634,140.76272692201,0.864,0.942
420635,393.322079832769,0.336,0.57
420636,54.6380680394682,0.51,0.546
420637,246.853461616189,0.43,0.784
420638,107.535644286157,0.734,0.704
420639,95.1114864692284,0.638,0.234
420640,198.144273299335,0.716,0.71
420641,135.317665923805,0.714,0.798
420642,130.801720190755,0.848,0.728
420643,229.082045364966,0.548,0.224
420644,150.004791016786,0.93,0.784
420645,259.623818570576,0.644,0.246
420646,294.716879465206,0.294,0.376
420647,225.260921515969,0.09,0.4
420648,195.221712769676,0.406,0.088
420649,192.801396894623,0.792,0.224
420650,241.557404050049,0.062,0.402
420651,139.891681339325,0.768,0.952
420652,263.338778100331,0.02,0.104
420653,103.58287848948,0.248,0.938
420654,159.357056021211,0.174,0.508
420655,50.0218858705935,0.434,0.328
420656,87.4722457175779,0.43,0.274
420657,89.5112050974372,0.814,0.614
420658,205.621244773142,0.876,0.526
420659,210.01810479638,0.818,0.492
420660,197.732564151276,0.932,0.684
420661,140.612555863015,0.264,0.144
420662,250.770975882558,0.604,0.198
420663,304.987373653859,0.636,0.31
420664,221.543504752702,0.568,0.076
420665,268.793013938387,0.076,0.03
420666,296.489063400945,0.014,0.356
420667,273.826596638312,0.868,0.83
420668,313.058902557761,0.246,0.016
420669,191.629867439891,0.178,0.276
420670,378.314170271236,0.194,0.516
420671,239.249320288212,0.4,0.42
420672,110.076215212254,0.108,0.338
420673,223.809634602152,0.81,0.454
420674,168.325013002019,0.342,0.592
420675,174.228036127813,0.356,0.932
420676,503.249676694069,0.49,0.232
420677,151.928356673899,0.186,0.524
420678,337.171415836945,0.044,0.052
420679,130.311216200139,0.246,0.32
420680,363.588442019952,0.592,0.164
420681,161.915889356596,0.188,0.92
420682,413.770151630188,0.472,0.328
420683,246.785240597968,0.932,0.652
420684,255.012622028678,0.122,0.498
420685,263.033656257171,0.134,0.218
420686,355.521403513322,0.066,0.562
420687,96.7161096408317,0.988,0.814
420688,250.528502351544,0.056,0.074
420689,74.2677224385574,0.49,0.574
420690,97.597276010799,0.7,0.978
420691,130.033316564333,0.412,0.298
420692,361.766466720998,0.452,0.664
420693,237.044968385502,0.264,0.014
420694,92.9069934486268,0.804,0.67
420695,474.443349595287,0.906,0.928
420696,107.572669443918,0.654,0.866
420697,202.871283707307,0.556,0.492
420698,146.785774138144,0.864,0.47
420699,294.9513299209,0.754,0.688
420700,81.8730400291737,0.378,0.626
420701,155.853014859705,0.662,0.274
420702,209.929340867755,0.87,0.746
420703,213.794546267211,0.138,0.354
420704,661.392447261914,0.862,0.674
420705,215.804504105797,0.098,0.322
420706,202.27189355171,0.844,0.318
420707,268.538717920359,0.162,0.752
420708,218.138679430816,0.556,0.488
420709,265.250976106286,0.7,0.446
420710,172.831857714069,0.986,0.902
420711,125.788384164485,0.916,0.938
420712,307.422015924248,0.132,0.122
420713,561.378990517089,0.096,0.79
420714,93.6264856192418,0.204,0.502
420715,138.694799225233,0.332,0.338
420716,238.033624123091,0.074,0.254
420717,234.291936983074,0.548,0.272
420718,339.341495264086,0.696,0.886
420719,187.393448230931,0.296,0.462
420720,141.114083835878,0.042,0.074
420721,283.599311971387,0.174,0.084
420722,253.273546723842,0.368,0.51
420723,102.961946113561,0.306,0.848
420724,273.463723124907,0.094,0.306
420725,97.9925135648348,0.356,0.792
420726,195.345444628625,0.886,0.19
420727,154.694766433323,0.274,0.092
420728,249.534255563692,0.298,0.072
420729,189.25783716833,0.432,0.066
420730,280.272234913057,0.846,0.502
420731,205.49776861028,0.116,0.058
420732,247.457027344305,0.442,0.074
420733,229.598906977398,0.798,0.232
420734,180.80956220512,0.514,0.464
420735,119.518243053346,0.658,0.318
420736,254.169005599073,0.918,0.714
420737,176.978042490485,0.726,0.124
420738,333.037032026898,0.124,0.744
420739,393.957308375964,0.384,0.306
420740,286.119509770622,0.638,0.248
420741,158.702495841935,0.456,0.08
420742,412.516204671383,0.37,0.07
420743,138.615437749116,0.724,0.14
420744,162.696850556053,0.382,0.346
420745,154.119040597579,0.522,0.196
420746,227.243456663651,0.354,0.184
420747,121.581035527652,0.366,0.066
420748,132.960711743098,0.602,0.916
420749,177.391451812005,0.266,0.264
420750,247.538452191323,0.052,0.464
420751,100.881768902817,0.656,0.672
420752,123.273377309322,0.81,0.744
420753,272.495978829216,0.316,0.288
420754,168.893095837772,0.994,0.948
420755,308.621411559716,0.822,0.572
420756,344.041427804374,0.418,0.878
420757,192.931164454009,0.522,0.3
420758,197.735409927484,0.346,0.832
420759,199.605270489362,0.77,0.122
420760,149.479725622606,0.376,0.68
420761,88.1410099834447,0.664,0.106
420762,152.916849350769,0.39,0.126
420763,124.918382399311,0.158,0.202
420764,198.592651463483,0.916,0.682
420765,75.3876196433512,0.26,0.546
420766,253.877370179467,0.22,0.082
420767,153.234171480295,0.45,0.604
420768,239.747317622508,0.59,0.094
420769,381.120190736537,0.15,0.084
420770,335.742480635121,0.7,0.08
420771,164.885075784648,0.904,1
420772,230.255315906838,0.108,0.746
420773,262.803025179017,0.934,0.72
420774,165.75081732034,0.442,0.024
420775,307.176529501988,0.614,0.616
420776,198.318630663665,0.642,0.308
420777,167.317442514909,0.476,0.864
420778,150.207968495403,0.466,0.304
420779,174.679021136269,0.756,0.09
420780,319.995832006364,0.434,0.21
420781,336.497573388384,0.62,0.28
420782,129.836540325207,0.194,0.13
420783,284.399962680953,0.186,0.698
420784,293.600375582162,0.622,0.288
420785,117.00208805075,0.876,0.65
420786,262.722301640754,0.92,0.206
420787,186.967892422707,0.342,0.182
420788,447.241318050219,0.572,0.328
420789,264.821298904398,0.32,0.854
420790,236.49725869746,0.196,0.754
420791,115.32720874343,0.552,0.464
420792,93.4987240691713,0.824,0.212
420793,276.695476165561,0.642,0.27
420794,237.47019737595,0.83,0.41
420795,250.606153947669,0.374,0.486
420796,161.375568064564,0.914,0.18
420797,84.0762444336966,0.9,0.87
420798,210.554662872397,0.076,0.766
420799,152.312917293654,0.464,0.126
420800,195.769754369314,0.81,0.746
420801,199.362203269142,0.026,0.084
420802,456.681410522796,0.396,0.202
420803,116.830821675942,0.886,0.66
420804,206.997364321366,0.502,0.022
420805,406.11670124452,0.096,0.012
420806,125.007414702714,0.206,0.5
420807,41.7200000333892,0.156,0.898
420808,185.256904235665,0.28,0.976
420809,133.420946406202,0.084,0.582
420810,240.96780522175,0.934,0.968
420811,212.052497479168,0.136,0.43
420812,158.340094463848,0.904,0.538
420813,248.475335108913,0.06,0.3
420814,262.073003828839,0.536,0.53
420815,303.913207057988,0.624,0.624
420816,147.300019368853,0.042,0.044
420817,157.01327258258,0.322,0.174
420818,305.7483901587,0.494,0.644
420819,235.444983646525,0.72,0.814
420820,174.809265024464,0.37,0.276
420821,88.4381648394821,0.342,0.864
420822,169.456261272023,0.926,0.546
420823,339.444673467425,0.496,0.432
420824,213.027099853999,0.944,0.264
420825,224.741110546843,0.784,0.174
420826,191.345789387712,0.572,0.492
420827,149.865333125305,0.736,0.732
420828,99.6015719765392,0.884,0.908
420829,138.600824848106,0.45,0.076
420830,129.007164367053,0.326,0.052
420831,213.016205848297,0.206,0.1
420832,256.049144375065,0.514,0.202
420833,200.226913535134,0.826,0.454
420834,105.861536318763,0.096,0.828
420835,459.143203545024,0.552,0.492
420836,88.3684054655171,0.264,0.896
420837,194.579805389399,0.066,0.034
420838,287.978549665252,0.218,0.63
420839,230.686630825774,0.158,0.518
420840,92.9350944262567,0.484,0.694
420841,215.55584676285,0.55,0.338
420842,127.889773832831,0.576,0.136
420843,161.60296136332,0.356,0.148
420844,164.078657896009,0.66,0.528
420845,117.644680858494,0.916,0.504
420846,424.440921497471,0.294,0.21
420847,108.480899187924,0.002,0.226
420848,313.385351325087,0.278,0.71
420849,123.705714211189,0.524,0.586
420850,163.460518503704,0.944,0.43
420851,481.699618961455,0.326,0.516
420852,308.225535860631,0.868,0.524
420853,166.324130699019,0.704,0.128
420854,181.124335158454,0.86,0.8
420855,122.550340617534,0.702,0.14
420856,295.217971162062,0.986,0.716
420857,182.985738332325,0.824,0.316
420858,292.071910445978,0.578,0.704
420859,185.364810386762,0.926,0.402
420860,259.681565528953,0.056,0.024
420861,109.543647575141,0.41,0.13
420862,174.24800276481,0.144,0.946
420863,264.985050463973,0.25,0.182
420864,299.649378528895,0.332,0.094
420865,105.298633362772,0.978,0.562
420866,146.75440793751,0.354,0.768
420867,162.285953103904,0.002,0.166
420868,90.1395620052488,0.754,1
420869,135.266432031358,0.716,0.552
420870,104.850183125347,0.236,0.702
420871,275.529318782177,0.804,0.314
420872,70.5319173129042,0.496,0.054
420873,153.868815739347,0.092,0.092
420874,196.850748317498,0.202,0.032
420875,203.915253494719,0.814,0.174
420876,143.390278783854,0.576,0.598
420877,136.333900373138,0.954,0.55
420878,95.5380749704167,0.462,0.956
420879,234.167192721416,0.162,0.014
420880,349.128945604048,0.478,0.962
420881,360.866940452921,0.714,0.626
420882,406.325256586629,0.97,0.986
420883,300.38657082426,0.426,0.708
420884,185.585210840666,0.42,0.22
420885,368.931801402867,0.202,0.05
420886,230.170367739767,0.308,0.472
420887,372.075915218367,0.082,0.31
420888,508.250517716294,0.028,0.972
420889,312.325847281848,0.978,0.986
420890,191.034408731525,0.764,0.236
420891,127.497298919867,0.606,0.774
420892,152.367585290596,0.612,0.076
420893,97.3469479141569,0.346,0.044
420894,478.282846182924,0.388,0.246
420895,272.584173640401,0.748,0.784
420896,211.715172166195,0.12,0.008
420897,149.467398000308,0.908,0.74
420898,81.9774472060473,0.158,0.062
420899,147.063821640666,0.748,0.274
420900,238.415300306638,0.674,0.87
420901,974.414043514486,0.054,0.966
420902,271.206566897065,0.462,0.492
420903,213.381860240842,0.142,0.478
420904,254.226485432214,0.356,0.074
420905,484.275508362118,0.746,0.096
420906,386.256431677804,0.612,0.82
420907,174.340922008135,0.836,0.318
420908,295.061900270453,0.66,0.296
420909,419.957238054004,0.168,0.22
420910,191.812145593074,0.826,0.612
420911,100.771016825344,0.44,0.98
420912,299.63080656116,0.292,0.222
420913,317.899617832572,0.598,0.32
420914,67.5462088646311,0.156,0.164
420915,180.127501637201,0.24,0.746
420916,259.16530252314,0.05,0.014
420917,98.9180219594061,0.306,0.456
420918,577.39345921049,0.042,0.002
420919,130.192939828581,0.616,0.778
420920,251.794661152948,0.03,0.602
420921,141.233753532604,0.932,0.324
420922,226.718561035992,0.04,0.854
420923,255.530279751411,0.144,0.666
420924,93.1792906709926,0.162,0.896
420925,159.006238187446,0.36,0.186
420926,275.486166519715,0.478,0.132
420927,197.07618109776,0.666,0.388
420928,257.246603048955,0.722,0.296
420929,244.671950000357,0.798,0.1
420930,78.1759048024509,0.272,0.216
420931,228.796312622222,0.08,0.004
420932,386.135104095057,0.046,0.816
420933,126.874694261546,0.542,0.17
420934,209.24440129911,0.58,0.812
420935,674.266983563282,0.492,0.27
420936,201.82447034247,0.826,0.586
420937,250.635335589521,0.94,0.896
420938,517.772283465407,0.092,0.768
420939,155.006731646499,0.26,0.026
420940,121.251883651436,0.652,0.114
420941,154.795092113453,0.66,0.702
420942,198.68083531761,0.724,0.824
420943,147.784262225643,0.298,0.876
420944,224.442761517658,0.138,0.12
420945,278.285955407701,0.512,0.47
420946,420.52002513822,0.856,0.848
420947,306.751602333097,0.092,0.02
420948,44.8469761207891,0.196,0.192
420949,365.354237532965,0.506,0.098
420950,365.67640472449,0.3,0.036
420951,38.6333741924709,0.734,0.15
420952,150.73178972507,0.286,0.19
420953,198.404941179907,0.492,0.116
420954,508.403796797333,0.176,0.244
420955,290.006752855087,0.734,0.668
420956,156.956200257126,0.69,0.506
420957,136.87513903509,0.668,0.76
420958,89.9279324437821,0.594,0.402
420959,112.353039904647,0.294,0.152
420960,182.047928938541,0.9,0.596
420961,297.808290471424,0.666,0.652
420962,235.270202027413,0.412,0.926
420963,199.925490772048,0.784,0.162
420964,308.632092495885,0.138,0.018
420965,173.018394116244,0.022,0.002
420966,276.032588836158,0.394,0.064
420967,139.871707332266,0.614,0.492
420968,164.616543408713,0.832,0.22
420969,161.857517345871,0.568,0.536
420970,108.343689150368,0.974,0.688
420971,266.307505084913,0.04,0.374
420972,75.69355114807,0.628,0.132
420973,156.496425603266,0.026,0.002
420974,154.971453067125,0.344,0.022
420975,394.04805293746,0.14,0.094
420976,135.312518488655,0.842,0.286
420977,274.151635093018,0.346,0.052
420978,216.149440045286,0.31,0.558
420979,644.006486918579,0.208,0.336
420980,209.687558524858,0.134,0.054
420981,97.5777364329567,0.436,0.416
420982,157.473441969227,0.158,0.536
420983,109.201251885093,0.442,0.15
420984,196.269510365459,0.29,0.264
420985,79.9397598197712,0.346,0.23
420986,253.940348907908,0.084,0.158
420987,113.883549968783,0.798,0.536
420988,105.130897238879,0.78,0.578
420989,428.991569654677,0.716,0.516
420990,270.97739640976,0.82,0.158
420991,188.503208181077,0.128,0.76
420992,205.509029705703,0.244,0.908
420993,177.491588677487,0.01,0.194
420994,119.205477705396,0.46,0.098
420995,186.266917914773,0.064,0.228
420996,350.577928625329,0.79,0.482
420997,103.490356124705,0.492,0.656
420998,174.035197097332,0.278,0.906
420999,162.874559276801,0.692,0.462
421000,177.40969887651,0.724,0.382
