cell,rep,fp_y,fp_x,p_bag,p_bag_min,stat_bag_mean,t_bag
1,1,204,4.335100652,0.48,0.87,0.457283144181792,2696.85
1,2,214,0.1470059873,0.61,0.63,0.468818654584529,2696.32
1,3,204,2.1310948854,0.84,0.78,0.486008435957082,2806.16
1,4,201,-5.2439894011,0.36,0.82,0.442374428193606,2695.28
1,5,201,1.9737499142,0.57,0.62,0.466175330073421,2686.75
1,6,227,0.4925263783,0.81,0.73,0.493104259682807,2641.1
1,7,196,0.0620494303,0.89,0.85,0.494464897885378,2800.1
1,8,205,-8.4115924391,0.88,0.87,0.493393464953231,2633.32
1,9,202,4.2110983683,0.4,0.81,0.445540293728197,2635.96
1,10,201,4.1242056043,0.73,0.44,0.48656470405547,2638.29
1,11,193,6.5860635598,0.27,0.78,0.438049343663618,2802.68
1,12,197,-5.201010175,0.61,0.56,0.467196411054502,2611.71
1,13,215,-1.5301984124,0.08,0.32,0.396275514372294,2685.82
1,14,186,-0.8815802498,0.94,0.82,0.509861934581101,2599.52
1,15,190,6.9428377008,0.25,0.93,0.433998360875963,2693.73
1,16,214,-0.6283970493,0.29,0.79,0.436359938342691,2633.61
1,17,206,-0.1814836146,0.59,0.66,0.466891583408694,2802.3
1,18,198,8.6103917159,0.66,0.74,0.474517521915487,2693.25
1,19,218,-3.3433742533,0.26,0.88,0.448545116854042,2787.93
1,20,200,-5.5155389136,0.68,0.83,0.471922713672466,2606.4
1,21,199,-1.92892948,0.37,0.56,0.443295957365505,2630.48
1,22,202,-0.9349539425,0.95,0.07,0.513893276053228,2703.67
1,23,203,4.0349672245,0.23,0.03,0.438759768353488,2505.64
1,24,213,-3.7025308714,0.17,0.13,0.427444554315754,2507.22
1,25,203,-0.9596035551,0.06,0.35,0.389830975669419,2503.86
1,26,205,-2.3769104514,0.98,0.9,0.509620072578147,2499.18
1,27,182,-3.7001332714,0.13,0.9,0.413538008597938,2510.61
1,28,197,2.2181686242,0.81,0.96,0.489992142115731,2513.28
1,29,205,4.7731544365,0.15,0.4,0.421510648959134,2517.1
1,30,193,-2.9489340987,0.26,0.72,0.432797588603091,2501.74
1,31,208,5.6571321432,0.75,0.49,0.487010906794202,2507.08
1,32,220,1.7204986515,0.88,0.15,0.490912005013763,2509.62
1,33,205,-5.9540991732,0.49,0.48,0.447194291383278,2516.42
1,34,209,4.5525032069,0.98,0.81,0.514003835436487,2509.75
1,35,205,-5.0897799789,0.53,0.56,0.464597361256492,2509.64
1,36,191,-2.9811853098,0.53,0.26,0.462950000173188,2505.03
1,37,208,-6.4676140994,0.79,0.26,0.487179934556357,2513.67
1,38,200,-2.5832734518,0.94,0.35,0.508588724708869,2501.0
1,39,211,0.6098688893,0.02,0.23,0.379300306240647,2504.06
1,40,218,-5.3968767119,0.44,0.15,0.450491065059232,2504.64
1,41,198,-3.6889373514,0.44,0.33,0.4471452458623,2515.49
1,42,194,0.7401456877,0.95,0.05,0.513611027924349,2503.03
1,43,196,4.6876998056,0.67,0.01,0.479456965771961,2509.31
1,44,195,-0.0930963542,0.39,0.52,0.448800630560298,2510.86
1,45,209,5.9084839232,0.72,0.97,0.472250010718,2502.33
1,46,196,3.9801386018,0.36,0.6,0.439558367554897,2486.55
1,47,196,2.0788814688,0.45,0.31,0.459955251196399,2493.71
1,48,193,-4.5799497746,0.07,0.32,0.411038565424266,2493.45
1,49,188,1.3535430672,0.0,0.14,0.343850320985014,2494.5
1,50,205,2.2079312822,0.54,0.3,0.463008794577142,2497.26
1,51,204,2.6376019916,0.59,0.9,0.459187088638442,2495.88
1,52,194,0.1338034757,0.65,0.51,0.464832027485072,2495.27
1,53,215,-5.7544270789,0.9,0.47,0.489871220816736,2494.27
1,54,214,-9.7300007265,0.58,0.59,0.462369186601744,2503.48
1,55,204,5.259754552,0.57,0.94,0.461597643459014,2495.33
1,56,199,5.9042914269,0.52,0.56,0.460623351322284,2497.86
1,57,225,2.9691058089,0.16,0.05,0.41579386344387,2488.02
1,58,186,-5.4672086757,0.48,0.39,0.454808610883409,2495.75
1,59,211,-3.3028044881,0.21,0.69,0.424794835447631,2491.64
1,60,206,0.7153389764,0.47,0.4,0.455075817803201,2501.82
1,61,198,3.5120219202,0.03,0.34,0.382428836074508,2490.53
1,62,196,-7.2880137537,0.72,0.45,0.477070516971336,2500.96
1,63,220,0.7421868434,0.92,0.14,0.491794746792303,2493.94
1,64,186,1.5369160716,0.46,0.59,0.456416361015794,2494.77
1,65,201,1.3375448773,1.0,0.14,0.515610378396654,2505.5
1,66,200,0.7786462181,0.18,0.68,0.410435618580503,2494.5
1,67,195,-5.9922872006,0.32,0.85,0.440743196259805,2503.91
1,68,195,-3.2626302286,0.07,0.63,0.401421801673085,2502.23
1,69,211,8.3021890615,0.29,0.89,0.440135787537051,2508.23
1,70,197,-1.3162809444,0.3,0.66,0.447259490172168,2505.94
1,71,216,1.2181035946,0.87,0.52,0.485135515296994,2507.72
1,72,186,-4.4867807438,0.71,0.37,0.486601375988827,2502.14
1,73,195,-0.6169638315,0.68,0.58,0.472959079822907,2522.53
1,74,187,-3.5022547399,0.87,0.79,0.481502328924585,2509.47
1,75,212,-4.7854842268,0.95,0.89,0.513284555360918,2508.1
1,76,191,0.3904436726,0.21,0.33,0.433382623670369,2512.52
1,77,204,3.5526158239,0.57,0.54,0.464322572912141,2501.28
1,78,208,6.3077046994,0.39,0.35,0.448481795334996,2509.98
1,79,199,-1.4073651254,0.4,0.84,0.449095615196348,2498.58
1,80,184,-2.0622878878,0.36,0.77,0.43771539799801,2509.18
1,81,201,-0.1294585252,0.29,0.36,0.433939507684488,2508.09
1,82,204,-2.5219638156,0.1,0.12,0.402444597699745,2502.38
1,83,202,-4.9360884814,0.14,0.26,0.4190567355325,2497.42
1,84,200,-2.1709942085,0.6,0.32,0.466157864039584,2508.02
1,85,189,2.6150722626,0.05,0.07,0.39869808922611,2517.68
1,86,208,-1.2973769049,0.04,0.31,0.400050262601546,2512.57
1,87,190,4.303999921,1.0,0.63,0.54991847256641,2495.0
1,88,190,9.4292169426,0.75,0.46,0.486210514839546,2509.91
1,89,217,-1.0832780917,0.76,0.83,0.483347251815523,2493.27
1,90,176,-2.5567587082,0.52,0.49,0.458189555848777,2499.54
1,91,189,-4.0877361768,0.35,0.23,0.436818389693304,2494.14
1,92,203,-4.9705349724,0.07,0.2,0.406745299098932,2498.34
1,93,195,3.5263631146,0.7,0.13,0.470532173400257,2499.84
1,94,202,-3.4228364881,0.31,0.28,0.452380176740764,2495.08
1,95,200,-1.2443272451,0.33,0.74,0.446071976819798,2499.32
1,96,187,-0.692105039,0.97,0.84,0.529063214302109,2506.1
1,97,199,-2.656952076,0.73,0.07,0.473352430466611,2502.38
1,98,213,0.7259312429,0.5,1.0,0.453046529047862,2505.71
1,99,185,3.946923738,0.9,0.67,0.498795800445361,2494.42
1,100,191,3.117317398,0.61,0.83,0.466346503738678,2500.07
3,1,204,-3.7636720927,0.65,0.0,0.468978231314302,2501.31
3,2,185,-4.6326122101,0.3,0.7,0.438432634590803,2491.12
3,3,176,-2.9759384229,0.57,0.33,0.462266731948183,2506.22
3,4,190,-4.7238189452,0.59,0.33,0.461015025888468,2484.64
3,5,175,6.8902174953,0.19,0.26,0.42903044675662,2498.25
3,6,181,3.6418022991,0.55,0.97,0.461353760303538,2496.94
3,7,193,-5.3183381001,0.37,0.75,0.445565842511665,2489.14
3,8,204,1.6093394094,0.35,0.22,0.441771744801803,2477.54
3,9,196,3.2543316868,0.11,0.6,0.406108858874733,2491.83
3,10,178,1.2411145039,0.02,0.05,0.371159368941832,2494.53
3,11,184,0.1554168835,0.1,0.48,0.394122211988269,2517.31
3,12,180,4.1226483943,0.38,0.59,0.443780209056356,2500.72
3,13,189,0.2919465045,0.53,0.69,0.459471757528683,2494.48
3,14,177,2.065923604,0.64,0.22,0.472423858008114,2506.75
3,15,184,2.435047277,0.72,0.48,0.476927793671862,2503.13
3,16,163,4.3148498083,0.72,0.75,0.467489893443901,2503.19
3,17,150,1.2825613286,0.19,0.72,0.424377605159402,2522.71
3,18,183,-4.7787833621,0.31,0.23,0.431559005637133,2501.53
3,19,172,-2.7979640216,0.61,0.91,0.468780725304583,2509.65
3,20,175,4.2846428885,1.0,0.54,0.528970919554518,2503.77
3,21,188,0.934685616,0.92,0.99,0.506234274159712,2497.51
3,22,174,-3.5226417085,0.9,0.97,0.502610293303319,2502.88
3,23,177,-1.2307127741,0.61,0.04,0.46972653686076,2501.03
3,24,175,1.7208786885,0.81,0.89,0.491561033478634,2495.2
3,25,179,1.4278938544,0.96,0.92,0.509162780200606,2497.95
3,26,170,-8.6908656625,0.8,0.08,0.481622738494697,2508.85
3,27,182,2.1151757073,0.99,0.66,0.524268692570837,2496.39
3,28,178,8.4267059846,0.32,0.2,0.449900242153072,2493.72
3,29,174,-1.3328365443,0.31,0.54,0.437803226738873,2508.23
3,30,169,1.3914529089,0.24,0.27,0.436338408822903,2489.17
3,31,167,-2.5842578525,0.35,0.7,0.451415515005708,2543.72
3,32,169,1.4394194034,0.23,0.88,0.424930397411713,2497.67
3,33,193,7.9912493125,0.54,0.28,0.458091788200656,2514.3
3,34,173,1.28717479,0.4,0.36,0.452743783832344,2527.03
3,35,188,-0.3711950129,0.67,0.67,0.478495035391976,2522.37
3,36,182,10.8742062252,0.73,0.61,0.481990066477388,2524.17
3,37,185,-3.9526402374,0.14,0.15,0.427118043924478,2527.6
3,38,168,0.743849672,0.27,0.2,0.437369866316445,2516.78
3,39,159,1.3514839924,0.65,0.83,0.473507174865286,2527.17
3,40,159,3.2418920631,0.88,0.75,0.495534530459049,2520.08
3,41,181,-2.2187240838,0.36,0.81,0.444919375435064,2519.63
3,42,198,-7.0530363618,0.89,0.97,0.501598312807494,2529.4
3,43,185,-0.7234410833,0.64,0.21,0.461532560771829,2505.54
3,44,180,-2.0373901583,0.18,0.03,0.425111882991985,2501.66
3,45,176,-3.8285644862,1.0,0.79,0.534562301076926,2510.15
3,46,168,-3.7065999604,0.07,0.0,0.411552995156035,2518.13
3,47,175,-10.8059330712,0.07,0.72,0.398544576744363,2521.97
3,48,174,-0.2733264193,0.13,0.35,0.419981905082108,2518.63
3,49,201,7.1385946061,0.08,0.38,0.398281780531341,2510.46
3,50,185,-10.5314234336,0.76,0.31,0.482437343058536,2514.21
3,51,187,1.2036076156,0.3,0.3,0.439284741683891,2525.02
3,52,198,4.2752124416,0.34,0.21,0.443137745813768,2513.71
3,53,183,-3.2861628379,0.74,0.17,0.474925004928683,2521.06
3,54,200,-1.1048729655,0.97,0.76,0.521383472922695,2523.86
3,55,177,-7.0276616001,0.61,0.64,0.464724799610839,2550.57
3,56,199,-3.9301220268,0.2,0.15,0.427014473094833,2559.85
3,57,172,0.8218215509,0.82,0.79,0.483567029164729,2570.46
3,58,165,-3.3784617024,0.19,0.32,0.428049978428193,2564.55
3,59,187,-0.6001018748,0.78,0.54,0.478931875305131,2536.7
3,60,176,-2.7274494577,0.61,0.08,0.467741235357928,2557.46
3,61,158,4.0156798837,0.84,0.93,0.490619814337443,2554.39
3,62,190,-2.4958225485,0.82,0.93,0.484197837148222,2555.35
3,63,169,-2.4934360021,0.79,0.89,0.489898260139184,2564.07
3,64,178,3.4925591378,0.02,0.52,0.366935515882639,2537.39
3,65,186,-0.3976015384,0.62,0.6,0.469681086222176,2555.94
3,66,188,0.3272397049,0.93,0.68,0.50138285476217,2549.17
3,67,176,-8.7313747869,0.3,0.0,0.44158649264425,2559.44
3,68,177,1.9358908052,0.04,0.62,0.378554612980263,2535.98
3,69,169,-3.2732803173,0.92,0.25,0.505551350269727,2561.26
3,70,169,4.5665860947,0.09,0.84,0.40261013762167,2556.72
3,71,188,3.6580274797,0.58,0.28,0.454825988291927,2565.25
3,72,196,5.0334425449,0.73,0.36,0.483517726239276,2553.56
3,73,175,-0.0376278961,0.64,0.22,0.472531590218795,2565.98
3,74,199,-6.7801605749,0.45,0.74,0.457945088778556,2566.14
3,75,169,0.0751809918,0.97,0.86,0.53159917106405,2572.89
3,76,178,4.426659568,0.5,0.83,0.45777860474455,2568.14
3,77,192,1.9998496837,0.01,0.39,0.369105671583179,2777.75
3,78,198,2.7034791474,1.0,0.96,0.547042027316906,2784.03
3,79,168,3.2013934184,0.37,0.41,0.451543810773527,2744.26
3,80,196,2.6515420031,0.59,0.49,0.474085865118813,2764.2
3,81,202,-3.1401242894,0.48,0.07,0.452341822689417,2751.4
3,82,169,-0.0193551022,0.82,0.74,0.494650833740006,2771.75
3,83,170,-4.8789245786,0.07,0.17,0.401742577633907,2772.03
3,84,177,-8.2711160455,0.57,0.13,0.468459765094134,2768.57
3,85,170,-1.3218639807,0.01,0.65,0.375187706702122,2776.11
3,86,169,0.7106764035,0.83,0.76,0.485552161008057,2770.93
3,87,168,3.334913569,0.93,0.14,0.496178504243139,2776.11
3,88,189,-0.376202193,0.03,0.35,0.400291247562224,2738.58
3,89,180,1.8847786147,0.88,0.44,0.49267518076467,2776.37
3,90,181,-1.0269924431,0.79,0.66,0.479421509832786,2745.42
3,91,193,5.7998238831,0.66,0.73,0.466036723076258,2779.33
3,92,176,-6.8957738204,0.83,0.88,0.487411425839308,2743.03
3,93,169,1.5795149284,0.88,0.93,0.493100724495822,2779.78
3,94,186,3.0949274747,0.96,0.04,0.506953902336443,2757.22
3,95,191,3.8456785957,0.62,0.99,0.471045700969311,2739.66
3,96,187,6.3108769098,0.32,0.2,0.438518259427219,2764.47
3,97,192,1.5754461508,0.83,0.72,0.485963969221255,2774.69
3,98,169,-2.0373613462,0.26,0.72,0.434705033683883,2754.21
3,99,167,-6.7345263213,0.25,0.12,0.431260706358198,2660.92
3,100,184,3.0961604151,0.0,0.42,0.379113241683641,2703.0
5,1,207,3.8724234792,0.0,0.19,0.328548752731082,2658.21
5,2,182,6.5526392346,0.11,0.34,0.421038418671833,2658.1
5,3,199,0.7004492956,0.37,0.14,0.443117084573455,2665.94
5,4,205,2.9810640431,0.0,0.07,0.318380510970434,2666.87
5,5,213,7.2552294314,0.47,0.39,0.45067659327809,2720.16
5,6,189,-5.8568269363,0.0,0.03,0.200199062427969,2652.93
5,7,198,-4.7974868911,0.17,0.62,0.424951339657551,2671.11
5,8,176,-3.1840839861,0.51,0.86,0.460406427955249,2720.36
5,9,189,-5.1746969843,0.0,0.13,0.286995446386368,2668.49
5,10,197,-0.5979596715,0.0,0.01,0.225765125126205,2719.29
5,11,193,-1.2509042516,0.0,0.16,0.314000768509991,2668.15
5,12,184,-1.437319989,0.0,0.03,0.320910933080051,2667.68
5,13,188,-6.8266523813,0.1,0.08,0.413606508777123,2722.17
5,14,177,-0.6745301435,0.0,0.35,0.345677503985593,2667.8
5,15,183,-5.4253842851,0.04,0.0,0.388542680456956,2685.25
5,16,211,-0.7319805497,0.0,0.22,0.247558111996829,2755.14
5,17,197,0.6151941371,0.08,0.63,0.408286270437041,2690.75
5,18,198,1.4439510224,0.87,0.74,0.500197294692338,2699.32
5,19,204,3.7321598883,0.0,0.23,0.321863392960153,2747.78
5,20,189,0.8025773763,0.04,0.47,0.387252073217166,2686.76
5,21,203,4.8336174818,0.1,0.38,0.407778134413279,2603.01
5,22,197,6.9243836163,0.0,0.0,0.299685352446879,2618.89
5,23,201,4.3611815314,0.19,0.57,0.431699109762336,2617.7
5,24,193,-4.4536456159,0.01,0.6,0.341261670997264,2592.11
5,25,192,5.7534882788,0.87,0.32,0.493199383854505,2609.03
5,26,183,5.2934558649,0.0,0.37,0.314203495893009,2626.24
5,27,196,4.0109174044,0.13,0.38,0.413838987766758,2600.33
5,28,170,-10.3541084851,0.12,0.66,0.414253835694224,2593.48
5,29,193,-2.4162548051,0.39,0.48,0.448501117542352,2585.74
5,30,195,3.1511585141,0.02,0.01,0.375569344114429,2579.75
5,31,189,-0.2302261741,0.87,0.19,0.494094974035668,2594.25
5,32,191,0.1862293274,0.0,0.0,0.293882140340676,2605.07
5,33,205,-2.9721452201,0.0,0.04,0.280442285900965,2578.91
5,34,197,-2.4292952349,0.0,0.06,0.101041693960473,2574.38
5,35,194,1.7557027109,0.99,0.82,0.534303979461208,2582.84
5,36,185,11.338710869,0.0,0.27,0.17895385689508,2582.2
5,37,199,-0.894863703,0.7,0.39,0.476229238624803,2567.35
5,38,183,-0.6265483857,0.24,0.98,0.436456470571204,2578.75
5,39,183,5.1066002168,0.16,0.48,0.422764600158414,2556.71
5,40,194,-2.626105322,0.04,0.15,0.394892730576768,2542.36
5,41,216,-7.5608479263,0.0,0.01,0.309895042247727,2562.48
5,42,188,-2.9168117416,0.25,0.2,0.435331433873385,2532.79
5,43,194,9.9335390506,0.02,0.56,0.38917507642528,2542.66
5,44,199,-0.9670152173,0.0,0.01,0.150069478626736,2545.45
5,45,205,2.1002367645,0.0,0.21,0.322183529986762,2541.49
5,46,206,-0.9809496213,0.34,0.39,0.438504604223536,2539.89
5,47,195,10.9102528044,0.08,0.0,0.404987857289779,2534.5
5,48,208,-5.2809658229,0.38,0.86,0.451471261862903,2537.96
5,49,195,-1.2025600009,0.02,0.01,0.371774875916206,2542.84
5,50,193,-3.3148856698,0.29,0.72,0.435695511542431,2530.03
5,51,194,-6.2577371062,0.3,0.13,0.433222931307031,2540.39
5,52,198,-0.0074012482,0.0,0.0,0.2957368453889,2541.39
5,53,202,7.7932711765,0.0,0.0,0.356368833951613,2540.2
5,54,195,5.3612106178,0.73,0.85,0.471324172577834,2539.56
5,55,179,-1.7346731977,0.3,0.3,0.440505752441623,2536.25
5,56,193,-3.0431249245,0.0,0.0,0.236615020714759,2540.82
5,57,203,2.4840454712,0.02,0.86,0.375801450190121,2536.57
5,58,193,-0.3571913649,0.02,0.93,0.351886056692921,2529.39
5,59,205,-2.2036287698,0.02,0.06,0.363763573715064,2538.59
5,60,181,-2.7574754138,0.08,0.58,0.403126674368286,2542.09
5,61,208,-0.5116818139,0.0,0.07,0.0827724804865823,2542.33
5,62,206,4.931738357,0.35,0.43,0.44234298439339,2552.45
5,63,196,2.064456238,0.25,0.02,0.427907197426524,2533.36
5,64,192,0.8200719619,0.01,0.61,0.34998358875444,2544.2
5,65,205,0.1531922959,0.0,0.1,0.286740998094767,2533.26
5,66,177,5.5472856912,0.45,0.29,0.454521695230963,2531.78
5,67,200,0.2834689138,0.23,0.2,0.427358146080449,2532.58
5,68,188,4.3259401233,0.0,0.5,0.349141399893965,2526.47
5,69,201,2.8831270457,0.0,0.08,0.200203974258376,2532.27
5,70,172,-6.253763534,0.32,0.15,0.440541975460134,2532.28
5,71,187,3.3992830818,0.0,0.35,0.306683229527243,2522.86
5,72,196,3.4694461051,0.23,0.64,0.431769835036869,2532.78
5,73,202,-2.5608512795,0.0,0.13,0.346614139564981,2533.41
5,74,191,0.4821195031,0.66,0.1,0.467423793756382,2537.31
5,75,199,-2.3138413792,0.0,0.2,0.294940863877211,2528.2
5,76,204,-0.583818115,0.0,0.0,0.11111282950137,2524.95
5,77,217,1.287017362,0.0,0.08,0.291297940299491,2525.24
5,78,181,-0.8886169454,0.0,0.24,0.246980401360487,2528.36
5,79,189,1.4719358166,0.0,0.46,0.378755510174503,2528.09
5,80,193,1.7809783122,0.04,0.57,0.393093418349073,2531.56
5,81,199,5.6273014019,0.0,0.16,0.302425360901565,2530.05
5,82,183,-2.4407820812,0.14,0.31,0.419775355448635,2525.43
5,83,202,-3.9148938203,0.01,0.33,0.38339818319444,2517.38
5,84,196,-1.3269640192,0.04,0.23,0.391282117316766,2518.25
5,85,194,0.8248378373,0.0,0.01,0.246878655469898,2518.3
5,86,188,0.8907175612,0.82,0.29,0.487255708850489,2530.66
5,87,187,4.4561415056,0.0,0.25,0.281153380617297,2545.75
5,88,190,-5.4361333864,0.01,0.71,0.346844511764198,2544.51
5,89,186,-3.089769335,0.84,0.38,0.493034869139982,2537.75
5,90,190,-2.3901096211,0.01,0.01,0.32426543612461,2539.36
5,91,202,1.3472475479,0.01,0.32,0.308674100296684,2535.84
5,92,198,2.382106124,0.0,0.02,0.195132256905358,2534.39
5,93,208,-9.0380903059,0.09,0.05,0.393492345095814,2541.54
5,94,210,0.2858033695,0.0,0.05,0.231567018576574,2538.91
5,95,209,-13.6308278799,0.0,0.12,0.312529701014997,2543.17
5,96,188,0.4889787031,0.0,0.14,0.300646548528131,2537.69
5,97,183,-0.3623651602,0.58,0.13,0.460782014071704,2546.91
5,98,186,1.4325810123,0.54,0.24,0.45122673965287,2548.12
5,99,202,6.638649662,0.02,0.44,0.374570885775586,2535.63
5,100,196,-2.7189458311,0.0,0.0,0.0611356658665481,2536.27
15,1,224,-6.249029544,0.24,0.24,0.437219117918037,5056.8
15,2,200,-3.2839873891,0.98,0.24,0.524255421702514,5062.52
15,3,184,-7.5690857338,0.96,0.38,0.508993448332835,5046.78
15,4,184,-1.2917609802,0.16,0.62,0.422688589195293,5080.23
15,5,194,5.2419714317,0.29,0.08,0.441222546026591,5037.56
15,6,209,3.0875196603,0.62,0.09,0.464115656117347,5058.5
15,7,183,-2.9210752685,0.39,0.48,0.453313385849557,5043.69
15,8,212,9.4381564596,0.71,0.97,0.471167022330823,5071.28
15,9,201,4.7998972431,0.53,0.53,0.462146447817868,5111.66
15,10,215,2.6535944433,0.19,0.57,0.421387903991147,5098.98
15,11,192,-9.449918246,0.42,0.24,0.448971080768392,5114.11
15,12,196,1.4268537572,0.82,0.55,0.484605506457041,5096.05
15,13,196,8.1320696883,0.44,0.19,0.454517264211801,5083.78
15,14,187,-0.9922602406,0.2,0.93,0.428156448056631,5083.55
15,15,203,-4.2258234508,0.0,0.44,0.372990490354956,5085.83
15,16,178,1.0716869212,0.69,0.43,0.473410242260145,5110.28
15,17,208,-4.1902151174,0.01,0.06,0.384687213287105,5147.92
15,18,208,-3.7537793118,0.98,0.96,0.517894437579906,5099.91
15,19,192,-7.9184718819,0.36,0.11,0.44723048091539,5088.37
15,20,202,1.8558710682,0.56,0.88,0.464583369438312,5110.43
15,21,184,1.8435812297,0.1,0.35,0.414983918123601,5068.81
15,22,189,3.1963228893,0.22,0.03,0.43125355440109,5102.55
15,23,205,3.6162551581,0.16,0.31,0.416516513953816,5189.3
15,24,190,-3.7244378421,0.44,0.73,0.449981853242786,5213.98
15,25,198,-3.488604237,0.19,0.12,0.433995979771033,5217.94
15,26,192,1.6462057011,0.81,0.93,0.484805602718629,5229.81
15,27,197,7.4250242912,0.68,0.65,0.471184252778453,5228.32
15,28,208,-2.1292393515,0.78,0.75,0.481875161303384,5195.87
15,29,208,7.9022518317,0.11,0.75,0.41529503090333,5198.47
15,30,189,1.1870171123,0.29,0.09,0.434098365403779,5233.25
15,31,201,-0.3193266082,0.09,0.6,0.407301203436557,5224.97
15,32,187,-1.9125517241,0.59,0.52,0.458272713025618,5261.06
15,33,194,-1.4946561366,0.37,0.77,0.442338826256686,5219.62
15,34,205,-0.6254158766,0.11,0.24,0.416912014576704,5238.95
15,35,212,0.0238949161,0.4,0.18,0.45274827676611,5234.02
15,36,208,4.182205022,0.09,0.39,0.419856534584856,5198.4
15,37,186,-6.8586867496,0.75,0.01,0.482783225251609,5171.05
15,38,199,4.0082171573,0.32,0.26,0.445070055684006,5160.68
15,39,214,-1.2764233458,0.4,0.32,0.451458119627643,5164.45
15,40,206,-3.459724846,0.17,0.74,0.42673246139835,5211.35
15,41,201,0.0607035241,0.14,0.6,0.430638647340443,5161.17
15,42,207,-0.5137393322,0.08,0.63,0.408698538070054,5226.18
15,43,206,-1.0063459276,0.07,0.38,0.409536934937527,5164.33
15,44,207,-1.8681124906,0.34,0.26,0.442088240341761,5147.95
15,45,199,3.4455146576,0.99,0.26,0.531252784795666,5069.61
15,46,223,2.4737301868,0.17,0.7,0.430085665357301,5073.84
15,47,202,-0.6321299688,0.66,0.01,0.470274761998463,5058.98
15,48,215,5.8652809495,0.63,0.88,0.464070243879407,5053.06
15,49,209,-5.5639982047,0.37,0.57,0.446797578635251,5078.78
15,50,184,-1.0358799064,0.89,0.04,0.502669904679935,5091.17
15,51,203,-6.4557299223,0.4,0.12,0.445009838615971,5069.54
15,52,193,4.6356602225,0.74,0.59,0.479122897121171,5085.16
15,53,213,0.8041220225,0.42,0.14,0.451238665065954,5089.89
15,54,197,4.7071793767,0.24,0.07,0.436556711136558,5092.28
15,55,193,-0.1985568459,0.49,0.39,0.460042229434039,5077.3
15,56,203,-1.3686282599,0.11,0.19,0.410243750110229,5102.17
15,57,209,-1.4426187774,0.69,0.91,0.468721217170328,5078.0
15,58,195,0.0324740225,0.07,0.57,0.416491761974495,5066.47
15,59,201,-0.902270334,0.36,0.02,0.447804481390116,5067.37
15,60,207,8.2216547028,0.5,0.46,0.460606265475808,5074.11
15,61,213,-0.2254427002,0.0,0.15,0.355731672806341,5068.52
15,62,207,1.9196488342,0.68,0.55,0.474019738468101,5103.93
15,63,189,-11.3205493026,0.15,0.12,0.433438732191074,5034.44
15,64,214,9.76906877,0.26,0.88,0.442135719118661,5052.64
15,65,190,-1.6077205864,0.6,0.38,0.473211853873517,5094.53
15,66,192,0.3224959056,0.13,0.3,0.419781396237569,5076.35
15,67,207,3.5680000246,0.61,0.0,0.474314967769352,5124.05
15,68,204,-2.5145430768,0.2,0.4,0.424475842604739,5123.43
15,69,205,-4.1378629312,0.58,0.64,0.46202760775494,5131.69
15,70,213,-11.6955750989,0.65,0.81,0.474327057808135,5112.56
15,71,212,-4.8648103976,0.46,0.62,0.455000299601823,5145.23
15,72,181,-3.7589375981,0.46,0.56,0.460859659998526,5111.54
15,73,206,5.7616758097,0.03,0.16,0.387245159877566,5126.85
15,74,212,-2.2328192816,0.09,0.13,0.415001282426663,5092.57
15,75,206,-4.5849206178,0.05,0.31,0.407608345039916,5133.78
15,76,199,-1.1960601443,0.42,0.87,0.446179396651185,5125.25
15,77,215,9.5019444857,0.42,0.55,0.454463186146187,5114.35
15,78,196,-1.1484591997,0.24,0.73,0.43906985475704,5120.14
15,79,193,-0.9689875937,0.24,0.37,0.434563586943602,5118.29
15,80,181,-5.5085277753,0.53,0.23,0.458916512852147,5071.11
15,81,196,-2.8547460563,0.53,0.09,0.454632301043516,5121.59
15,82,206,2.6355569887,0.18,0.09,0.431358316985298,5138.81
15,83,212,8.4712604007,0.05,0.58,0.40198359027252,5123.4
15,84,198,3.9128757234,0.14,0.5,0.424469526504465,5116.43
15,85,198,-2.4310967615,0.25,0.54,0.434812954679927,5114.89
15,86,206,-3.5875863748,0.4,0.27,0.450579280140059,5119.74
15,87,180,1.2043441215,0.91,0.88,0.511100716914916,5121.36
15,88,173,-4.0998514783,0.41,0.22,0.462292477287418,5115.59
15,89,208,3.2490270541,0.8,0.7,0.483862091598,5119.61
15,90,187,3.9830432252,0.6,0.77,0.456423879766262,5136.22
15,91,201,9.9544152312,0.02,0.14,0.391141034696122,5117.22
15,92,190,1.4298525924,0.35,0.62,0.445894641599329,5099.28
15,93,184,4.6674582212,0.68,0.7,0.477172376787183,5126.43
15,94,195,8.1287413032,0.17,1.0,0.420879159225412,5112.26
15,95,194,4.830991846,0.19,0.37,0.437540260879015,5109.62
15,96,220,-3.5663963338,0.3,0.02,0.439524910907702,5096.04
15,97,197,0.6345978038,0.17,0.2,0.42395960629267,5138.92
15,98,205,2.2643117682,0.0,0.13,0.37705510237819,5113.47
15,99,209,1.836661482,0.17,0.09,0.421864517706153,5116.87
15,100,191,-4.1124396614,0.15,0.7,0.42420982433451,5125.66
17,1,195,-2.618232484,0.59,0.26,0.465634242789245,5115.53
17,2,192,3.3258339285,0.52,0.9,0.456406123014789,5132.12
17,3,168,2.3077620002,0.28,0.42,0.443947936907475,5122.49
17,4,172,6.562447872,0.34,0.65,0.442851116909233,5139.23
17,5,173,2.6036330221,0.83,0.52,0.480849505578481,5134.06
17,6,177,1.1102895778,0.05,0.34,0.409341566402961,5135.7
17,7,182,3.0655860459,0.68,0.76,0.471340501572765,5140.42
17,8,184,10.1043310355,0.05,0.6,0.410241237533243,5142.19
17,9,178,3.3096468238,0.06,0.71,0.405144031867277,5117.94
17,10,195,-2.8194905022,0.7,0.63,0.477242045533838,5110.9
17,11,181,-2.1965990909,0.75,0.83,0.48262559916741,5141.61
17,12,175,-6.5571679211,0.25,0.24,0.437583257794544,5141.57
17,13,187,1.7429763891,0.27,0.48,0.437548005158225,5111.33
17,14,174,-1.4167070648,0.63,0.29,0.469362555193271,5120.84
17,15,187,3.7912648859,0.97,0.93,0.500402309969554,5109.16
17,16,187,-8.4895754033,0.46,0.68,0.455804717059239,5085.24
17,17,169,2.6248236107,0.27,0.25,0.434174386622205,5139.81
17,18,178,-0.3071296779,0.37,0.97,0.443431277450916,5105.75
17,19,162,-5.0401519065,0.69,0.31,0.478043419601329,5106.88
17,20,178,-6.2555397282,0.94,0.85,0.503501874444293,5097.25
17,21,164,1.6921721307,0.21,0.6,0.429249763583222,5130.04
17,22,183,6.3399137546,0.54,0.57,0.46203924954831,5115.2
17,23,171,-4.7891575292,0.35,0.73,0.448635786140513,5116.94
17,24,181,1.2987349824,0.51,0.02,0.454212468645252,5100.8
17,25,178,-2.3461200084,0.25,0.55,0.43804053108668,5123.54
17,26,184,-4.3154169979,0.21,0.52,0.43219384275709,5110.14
17,27,170,5.6445423971,0.92,0.66,0.50523808026665,5122.26
17,28,188,2.8269482377,0.62,0.59,0.457577296702156,5087.47
17,29,191,1.8865304973,0.91,0.51,0.499064047811985,5072.78
17,30,169,3.5776269675,0.56,0.45,0.466664255799347,5103.14
17,31,178,-3.6424310356,0.61,0.51,0.469592420278516,5088.6
17,32,186,-0.0033855786,0.71,0.39,0.47271926817267,5129.71
17,33,175,-1.1742192509,0.15,0.11,0.424979690514886,5151.11
17,34,190,8.2520447862,0.7,0.67,0.479129339669291,5137.57
17,35,188,5.4368710732,0.9,0.24,0.500330858803058,5155.25
17,36,195,-4.3053834664,0.65,0.95,0.470317781742123,5117.58
17,37,190,-0.2613977774,0.45,0.4,0.462861536017274,5098.91
17,38,178,-4.0232770975,0.33,0.23,0.435716343040465,5147.25
17,39,196,6.6831979388,0.42,0.95,0.458791458226868,5115.88
17,40,174,3.763067056,0.33,0.03,0.449787828910591,5103.18
17,41,184,-1.1035601535,0.1,0.4,0.424929738944922,5088.55
17,42,192,1.6280241153,0.05,0.9,0.400657065077021,5105.55
17,43,175,-1.5029807653,0.86,0.18,0.490983450584208,5121.84
17,44,187,-4.502440406,0.3,0.57,0.44345407389566,5140.23
17,45,182,-1.7068008677,0.66,0.47,0.474618886246369,5097.74
17,46,187,1.3285934437,0.93,0.4,0.508012415385029,5107.26
17,47,186,-4.2656440639,0.98,0.65,0.517503281985734,5113.69
17,48,187,-3.4287577076,0.09,0.51,0.420257653754074,5097.8
17,49,190,-0.9236809155,0.15,0.59,0.419712169430579,5131.72
17,50,191,-6.0976096072,0.5,0.05,0.459231741527365,5098.4
17,51,177,-3.8930406552,0.46,0.49,0.448116448423745,5111.89
17,52,194,-3.8569358017,0.43,0.06,0.452055773613186,5134.95
17,53,163,-7.7389250585,0.27,0.84,0.443403472490501,5157.66
17,54,169,-5.813029065,0.17,0.33,0.429639445313982,5131.78
17,55,183,-1.6367054146,0.18,0.15,0.436288107036,5723.66
17,56,185,4.4093488947,0.06,0.74,0.408008052446315,5747.28
17,57,180,-2.40470015,0.99,0.88,0.537609628910701,5686.53
17,58,175,2.023443879,0.71,0.21,0.480776146744201,5689.25
17,59,188,-4.6325983682,0.4,0.06,0.451773843502753,5697.83
17,60,176,-9.6392193145,1.0,0.05,0.540067449821909,5697.98
17,61,175,6.5179019979,0.18,0.81,0.432468767433759,5732.73
17,62,172,-2.903271403,0.37,0.33,0.447232418955879,5701.55
17,63,176,4.3236439811,0.67,0.07,0.470056278930895,5757.83
17,64,177,7.3320099586,0.06,0.0,0.408647196885899,5718.3
17,65,169,2.0815710236,0.55,0.74,0.457119613267156,5725.42
17,66,187,1.2319398607,0.46,0.83,0.450755207993939,5688.32
17,67,194,-2.4018292368,0.42,0.87,0.456258412183772,5745.81
17,68,171,0.7600511684,0.39,0.56,0.448942311581359,5680.18
17,69,166,-0.7137920155,0.07,0.0,0.414900143703251,5651.72
17,70,183,-5.5982542202,0.78,0.16,0.477443332055928,5724.15
17,71,183,4.0674308646,0.35,0.02,0.442147605942607,5722.74
17,72,186,-3.9513951495,0.14,0.38,0.42885655240034,5688.88
17,73,184,2.4057512282,1.0,0.2,0.539349141453151,5686.87
17,74,191,-3.1567952927,0.29,0.02,0.434993508680403,5708.24
17,75,185,4.6840211269,0.36,0.89,0.443451508873983,5712.2
17,76,175,-2.4433332953,0.13,0.53,0.42614539397605,5681.46
17,77,173,-0.687084562,0.71,0.15,0.473132823216394,5190.63
17,78,159,1.6319408073,0.35,0.67,0.449201503729009,5251.87
17,79,179,-1.0893463556,0.13,0.13,0.421955641741661,5182.61
17,80,164,-3.1892765729,0.53,0.19,0.458292982619453,5253.19
17,81,181,-5.4425193431,0.92,0.99,0.505427459686474,5163.11
17,82,203,0.0530956986,0.32,0.43,0.437600144691376,5219.3
17,83,158,-6.8419686133,0.31,0.33,0.449013880938618,5215.38
17,84,181,-1.0419246624,0.48,0.91,0.456999746421185,5216.91
17,85,194,8.2723738625,0.6,0.39,0.460266769189757,5246.31
17,86,202,-10.1967965854,0.09,0.0,0.414650446788631,5186.23
17,87,172,2.2732666805,0.22,0.36,0.435864154402273,5240.18
17,88,180,-3.9669969587,0.11,0.25,0.41204573391733,5265.91
17,89,193,-9.4115379184,0.57,0.84,0.457606806705148,5151.5
17,90,184,1.3403195546,0.39,0.64,0.438026268867867,5204.67
17,91,176,-0.6265446317,0.08,0.09,0.40909359278262,5146.66
17,92,178,1.8326328153,0.7,0.74,0.475553175138408,5192.67
17,93,178,0.3780587588,0.09,0.48,0.410510716548424,5231.97
17,94,175,12.9690452028,0.68,0.16,0.469050712716511,5241.64
17,95,183,-0.8799329733,0.9,0.95,0.499091956869419,5173.41
17,96,203,9.4171924017,0.77,0.13,0.482841308218832,5195.67
17,97,180,-2.8157624681,0.81,0.83,0.486818585092366,5212.88
17,98,175,-9.0683291797,0.37,0.68,0.457449034343687,5236.48
17,99,175,-4.4490847222,0.31,0.28,0.447961060267888,5299.94
17,100,179,1.6079469306,1.0,0.44,0.526024686717669,5291.68
19,1,212,3.5451933288,0.81,0.43,0.490511609885317,5406.95
19,2,188,-4.6529258421,0.39,0.16,0.443613105684863,5263.4
19,3,191,3.8026212601,0.0,0.1,0.257377314990592,5430.27
19,4,190,0.5452236167,0.09,0.29,0.395783986787027,5316.06
19,5,188,6.0908167715,0.0,0.03,0.319672726185392,5267.58
19,6,207,4.8650672334,0.16,0.72,0.434615657139839,5265.84
19,7,197,-3.4574982992,0.0,0.17,0.361300095028562,5286.35
19,8,206,1.0228670127,0.08,0.94,0.413779841907569,5312.01
19,9,187,4.56591776,0.03,0.4,0.397598415232705,5390.17
19,10,206,0.5797477961,0.74,0.69,0.470636557886876,5272.39
19,11,199,6.4188737863,0.57,0.33,0.461791132291345,5294.56
19,12,179,-2.7664001623,0.0,0.11,0.274327001864949,5301.75
19,13,206,1.9724224363,0.0,0.73,0.379070569855673,5287.8
19,14,187,1.2392982346,0.48,0.95,0.460919429727115,5433.44
19,15,201,1.3648516948,0.01,0.0,0.353297924663347,5295.48
19,16,195,-3.6053346707,0.86,0.9,0.50048027880114,5433.09
19,17,195,3.6160434108,0.92,0.22,0.5033633664341,5413.78
19,18,196,-2.6907467134,0.0,0.32,0.31497127626654,5327.46
19,19,210,-2.39171379,0.02,0.26,0.377588421644294,5250.82
19,20,195,9.0941851823,0.12,0.66,0.416128105988296,5309.17
19,21,191,5.3848391522,0.0,0.0,0.298944251518168,43085.04
19,22,185,-1.4809600807,0.72,0.33,0.478231108113047,43853.29
19,23,182,-3.2921457079,0.95,0.52,0.507173850721104,43875.93
19,24,189,0.2965629955,0.0,0.65,0.251030055689088,43098.22
19,25,203,-5.7662720509,0.0,0.05,0.271076614755171,43852.65
19,26,179,-2.0724124693,0.92,0.08,0.499152269957688,43872.45
19,27,201,-1.3664264712,0.22,0.86,0.438126968928377,43096.97
19,28,175,-5.3348990706,0.0,0.16,0.333119478590698,43078.16
19,29,188,5.0879005926,0.43,0.33,0.461404066491938,43066.28
19,30,190,-1.0218401337,0.08,0.22,0.40247899576811,43079.11
19,31,205,5.7693336598,0.39,0.25,0.452237339902658,43857.75
19,32,202,5.8860742015,0.13,0.52,0.4229457657537,43845.2
19,33,186,-0.3742740624,0.33,0.26,0.444760461454627,43136.92
19,34,218,-0.391217168,0.0,0.18,0.229572261914073,43091.5
19,35,192,-9.2582443898,0.12,0.22,0.41607882969105,43860.41
19,36,205,-5.4592144933,0.05,0.83,0.393864308611741,43857.4
19,37,195,-6.7382790422,0.64,0.93,0.466135106049143,43116.99
19,38,191,-1.9586321433,0.38,0.75,0.441861970929411,43084.87
19,39,201,-4.4672478214,0.26,0.63,0.431900665496853,43097.49
19,40,190,-5.2614084274,0.08,0.43,0.418573159433859,43880.92
19,41,199,-1.7846490929,0.0,0.0,0.235943478293211,43071.61
19,42,187,1.232073898,0.42,0.05,0.456730068833143,43090.74
19,43,202,0.941467009,0.22,0.07,0.432176701431707,5647.81
19,44,218,6.5781499605,0.07,0.46,0.405750280888265,5417.24
19,45,194,2.575815111,0.54,0.15,0.465822515439197,5507.72
19,46,208,0.4192776416,0.0,0.25,0.318238034532615,5663.16
19,47,214,0.2269409884,0.13,0.0,0.414553804722351,5451.28
19,48,179,-0.2954935902,0.07,0.44,0.403130123070708,5671.64
19,49,210,3.384687516,0.01,0.78,0.370770753992309,5620.16
19,50,185,4.5445907438,0.02,0.13,0.379888606406949,5421.31
19,51,191,15.0898003567,0.0,0.18,0.369186885242439,5383.27
19,52,202,3.5343257514,0.74,0.99,0.475722699332679,5500.83
19,53,213,-5.6019935894,0.0,0.01,0.26586740467492,5644.21
19,54,211,1.8760648025,0.91,0.78,0.503769207402848,5509.5
19,55,206,4.7681404353,0.28,0.69,0.446392425957691,5401.33
19,56,213,1.328073483,0.0,0.15,0.282328037466871,5525.23
19,57,192,-1.6430597328,0.47,0.11,0.454818689118685,5464.66
19,58,200,-2.2904287612,0.74,0.27,0.480309363657945,5441.2
19,59,193,3.227276074,0.93,0.7,0.502765000584269,5540.74
19,60,206,0.1943253791,0.0,0.02,0.294789040646234,5647.45
19,61,203,4.7317448873,0.0,0.14,0.29405936739205,5643.31
19,62,195,3.1775524672,0.0,0.03,0.321955657977584,5442.29
19,63,203,1.1911828422,0.0,0.43,0.255947908026759,5422.41
19,64,179,-3.830949167,0.24,0.99,0.442335135660532,5490.14
19,65,210,3.619136502,0.74,0.01,0.480317662807857,5513.64
19,66,199,1.1168067649,0.0,0.13,0.367298306099475,5523.62
19,67,199,3.7155626431,0.01,0.2,0.374624932400783,5443.75
19,68,201,1.1430316334,0.11,0.34,0.41307782152231,5551.45
19,69,187,1.160645491,0.0,0.22,0.220833719008754,5449.86
19,70,183,-2.673045749,0.23,0.3,0.437319279087842,5653.27
19,71,208,11.4413653587,0.05,0.58,0.404652035881206,5638.22
19,72,203,-5.1565019352,0.27,0.04,0.432053619514117,5395.75
19,73,199,6.0593260114,0.0,0.05,0.353202795182774,5646.92
19,74,186,-4.2825984003,0.02,0.68,0.372843351685412,5386.69
19,75,178,1.288874685,0.13,0.11,0.421343464730835,5405.68
19,76,190,0.3062111441,0.01,0.38,0.364050178950018,5572.93
19,77,194,0.3664942994,0.0,0.43,0.33133948060949,5548.98
19,78,210,6.398818174,0.32,0.15,0.447844760874497,5382.11
19,79,201,-9.3536837701,0.0,0.02,0.227467532978835,5643.0
19,80,191,-2.061800985,0.4,0.04,0.449572176645266,5658.92
19,81,194,-2.0025287716,0.2,0.9,0.434507521861069,5531.44
19,82,215,5.9793716733,0.4,0.92,0.439558178659421,5663.75
19,83,191,2.2772947342,0.01,0.19,0.387213606097432,5527.11
19,84,191,2.6082092946,0.83,0.24,0.492905439705056,5441.69
19,85,197,-4.5910722129,0.45,0.13,0.45228533063449,5684.83
19,86,199,-4.955946234,0.69,0.59,0.479618232865977,5382.45
19,87,197,-1.3654432637,0.01,0.05,0.379222992585393,5623.08
19,88,208,5.0630712764,0.7,0.36,0.466942136495595,5876.26
19,89,199,-0.4849080164,0.0,0.23,0.345793596130602,6243.15
19,90,202,-3.603180701,0.0,0.02,0.300200187054851,5945.85
19,91,208,-5.4767592459,0.0,0.12,0.321053744481876,6441.67
19,92,192,9.3581290804,0.04,0.59,0.393853062340417,6463.81
19,93,225,2.9304699048,0.34,0.5,0.445424415463866,5465.0
19,94,190,-8.6571053788,0.0,0.17,0.369594114072726,6444.08
19,95,174,4.7839042418,0.0,0.12,0.33608143229146,5696.0
19,96,191,-3.4255801591,0.72,0.21,0.473357767156554,6650.05
19,97,197,2.3076087319,0.0,0.18,0.22808094294185,6631.02
19,98,200,-6.6840864723,0.0,0.7,0.319086316344533,6650.65
19,99,203,5.1409952746,0.48,0.5,0.457372577301426,5548.35
19,100,203,-1.3387885442,0.47,0.32,0.455896122579856,6549.43
29,1,207,1.591079182,0.92,0.3,0.503964678743772,10086.67
29,2,195,-0.7285900301,0.57,0.88,0.463133464067214,10314.61
29,3,213,-5.5152931851,0.33,0.23,0.439073508662785,8835.94
29,4,206,0.1251796873,0.57,0.38,0.466129449861114,9862.87
29,5,213,7.0711576604,0.8,0.48,0.483224674374191,10115.5
29,6,188,-0.3427444305,0.6,0.48,0.464572432939658,9921.41
29,7,198,-3.3526742788,0.26,0.41,0.441808456743463,10171.64
29,8,212,-11.1160076225,0.85,0.69,0.495390906076171,10283.5
29,9,185,4.3919986972,0.57,0.32,0.463776399478439,10505.49
29,10,212,2.4430059095,0.13,0.3,0.424594707244857,10060.04
29,11,200,-3.9318547752,0.25,0.21,0.439475021206832,10227.06
29,12,192,-0.8878525774,0.49,0.58,0.452673463724985,10170.1
29,13,204,5.7834335411,0.46,0.67,0.452347030292927,8942.75
29,14,210,1.5455068444,0.96,0.15,0.501352713316175,10785.31
29,15,187,5.2713361668,0.87,1.0,0.49613553513752,9708.89
