"cell","panel","p","rho","signal","dep","a","kappa","n","HL","se_HL","EDGE_u","se_EDGE_u","SC.HL","se_SC.HL","SC.EDGE","se_SC.EDGE","GRP5","se_GRP5","GRP1","se_GRP1","PLS","se_PLS","grp_NA","pls_NA","mle_exists","HL_mle","EDGE_mle","t_ours","t_grp5","t_pls"
1,"M",20,0.7,"dense","null",0,0.05,1000,0.702,0.0144636095080032,1,0,0.053,0.00708456067798138,0.059,0.00745110730026081,0.005,0.00223047080231955,0.045,0.00655553201502365,0.064,0.00773976743836661,0,0,1,0.043,0.064,3.05772,2.88126,0.376800000000001
2,"M",20,0.7,"dense","index",0.5,0.05,500,0.748,0.0194162818273736,1,0,0.134,0.0152344346793703,0.224,0.0186453211289052,0.012,0.00486949689393062,0.054,0.0101078187557949,0.316,0.020791536739741,0,0,1,0.218,0.372,3.04058,2.8863,0.38232
3,"M",20,0.7,"dense","index",1,0.05,500,0.934,0.0111035129576184,1,0,0.43,0.0221404606998138,0.744,0.0195173768729304,0.046,0.00936845771725528,0.18,0.0171813852759316,0.742,0.0195671152702691,0,0,1,0.806,0.952,3.45936,3.91789999999999,0.467919999999999
4,"M",20,0.7,"dense","coord",0.5,0.05,500,0.668,0.0210606742532142,1,0,0.056,0.0102824121683582,0.054,0.0101078187557949,0.076,0.0118510759005248,0.184,0.0173288199251998,0.07,0.0114105214604767,0,0,1,0.056,0.066,3.6843,3.64716,0.463820000000004
5,"M",20,0.7,"dense","coord",1,0.05,500,0.626,0.0216390387956582,0.998,0.00199799899899875,0.058,0.0104533248299285,0.108,0.0138806339912844,0.636,0.0215176206863119,0.696,0.0205710476155202,0.144,0.0157012101444443,0,0,1,0.054,0.108,3.46484,3.11496,0.412619999999994
6,"M",20,0.7,"dense","inter",0.5,0.05,500,0.696,0.0205710476155202,0.998,0.00199799899899875,0.046,0.00936845771725528,0.058,0.0104533248299285,0.072,0.0115599307956406,0.186,0.0174013792556797,0.578,0.0220869192057199,0,0,1,0.052,0.066,3.08216,2.99288000000001,0.389339999999989
7,"M",20,0.7,"dense","inter",1,0.05,500,0.67,0.0210285520186246,0.996,0.00282276460230038,0.048,0.00955991631762538,0.076,0.0118510759005248,0.428,0.022127629787214,0.54,0.0222890107452081,0.96,0.00876356092008266,0,0,1,0.062,0.062,3.06696,2.96288,0.381059999999996
8,"M",40,0.7,"dense","null",0,0.1,1000,0.94,0.00750999334220744,1,0,0.043,0.00641490451994416,0.048,0.00675988165576883,0.006,0.00244213021765835,0.044,0.00648567652600714,0.084,0.00877177291087725,0,0,1,0.053,0.07,4.86089000000001,3.59675000000001,0.436889999999994
9,"M",40,0.7,"dense","index",0.5,0.1,500,0.954,0.00936845771725528,1,0,0.064,0.0109456840809517,0.128,0.0149409504383088,0.008,0.00398396787135639,0.066,0.0111035129576184,0.32,0.0208614476966485,0,0,1,0.168,0.304,4.95517999999999,3.84190000000001,0.4423
10,"M",40,0.7,"dense","index",1,0.1,500,0.996,0.00282276460230038,1,0,0.238,0.0190449993436597,0.46,0.0222890107452081,0.032,0.00787095928079926,0.146,0.015791390059143,0.612,0.0217924757657316,0,0,1,0.604,0.81,4.78152,3.78853999999999,0.438820000000005
11,"M",40,0.7,"dense","coord",0.5,0.1,500,0.966,0.00810481338464989,1,0,0.056,0.0102824121683582,0.042,0.00897061870775924,0.048,0.00955991631762538,0.154,0.016142118820031,0.064,0.0109456840809517,0,0,1,0.044,0.068,5.1311,3.98284,0.466460000000021
12,"M",40,0.7,"dense","coord",1,0.1,500,0.95,0.00974679434480897,1,0,0.048,0.00955991631762538,0.078,0.0119929979571415,0.47,0.0223203942617508,0.614,0.0217717247823869,0.106,0.0137669168661687,0,0,1,0.07,0.088,5.21301999999999,4.12058,0.488619999999999
13,"M",40,0.7,"dense","inter",0.5,0.1,500,0.952,0.00955991631762538,1,0,0.038,0.00855055553750749,0.042,0.00897061870775924,0.04,0.00876356092008266,0.148,0.0158805541465026,0.558,0.0222097275985096,0,0,1,0.058,0.066,5.35484000000001,4.11714,0.490320000000004
14,"M",40,0.7,"dense","inter",1,0.1,500,0.958,0.00897061870775924,1,0,0.038,0.00855055553750749,0.048,0.00955991631762538,0.238,0.0190449993436597,0.422,0.0220869192057199,0.954,0.00936845771725528,0,0,1,0.048,0.072,5.06567999999998,3.77528000000001,0.453419999999988
15,"M",100,0.7,"dense","null",0,0.25,1000,1,0,1,0,0.047,0.00669260786241059,0.043,0.00641490451994416,0.007,0.00263647491928143,0.094,0.00922843432007835,0.078,0.00848033018225116,0,0,0.996,0.171686746987952,0.232931726907631,16.87363,13.74749,0.819240000000007
16,"M",100,0.7,"dense","index",0.5,0.25,500,1,0,1,0,0.062,0.0107848041243223,0.1,0.0134164078649987,0.014,0.00525433154644813,0.112,0.014103616557465,0.28,0.0200798406368178,0,0,0.998,0.216432865731463,0.354709418837675,13.94734,11.68454,0.648459999999994
17,"M",100,0.7,"dense","index",1,0.25,500,1,0,1,0,0.178,0.0171064899964896,0.268,0.0198078772209442,0.024,0.00684455988358638,0.174,0.0169542914921267,0.628,0.0216155499583055,0,0,1,0.332,0.544,12.97152,13.73772,0.557639999999999
18,"M",100,0.7,"dense","coord",0.5,0.25,500,1,0,1,0,0.06,0.0106207344378814,0.046,0.00936845771725528,0.03,0.00762889244910426,0.16,0.0163951212255354,0.084,0.0124051602166195,0,0,0.998,0.148296593186373,0.232464929859719,13.21814,10.9498800000001,0.606939999999995
19,"M",100,0.7,"dense","coord",1,0.25,500,1,0,1,0,0.046,0.00936845771725528,0.044,0.00917213170424411,0.262,0.0196649942791754,0.476,0.0223349054173059,0.11,0.0139928553197694,0,0,0.996,0.120481927710843,0.20281124497992,12.96346,11.80444,0.57878000000001
20,"M",100,0.7,"dense","inter",0.5,0.25,500,1,0,1,0,0.056,0.0102824121683582,0.06,0.0106207344378814,0.016,0.00561141693336006,0.136,0.0153299706457645,0.588,0.0220116332878776,0,0,0.996,0.156626506024096,0.230923694779116,13.45782,10.70412,0.606339999999964
21,"M",100,0.7,"dense","inter",1,0.25,500,1,0,1,0,0.07,0.0114105214604767,0.072,0.0115599307956406,0.12,0.014532721699668,0.31,0.0206833266183175,0.952,0.00955991631762538,0,0,0.998,0.17434869739479,0.256513026052104,13.33222,11.09668,0.575619999999977
22,"M",140,0.7,"dense","null",0,0.35,1000,1,0,1,0,0.068,0.00796090447122687,0.071,0.00812151463706124,0.038,0.00604615580348373,0.153,0.0113838042850358,0.088,0.00895857131466843,0,0,0.37,0.410810810810811,0.5,23.8191,6.76185999999999,6.25283999999997
23,"M",140,0.7,"dense","index",0.5,0.35,500,1,0,1,0,0.084,0.0124051602166195,0.112,0.014103616557465,0.032,0.00787095928079926,0.17,0.016798809481627,0.264,0.0197131428240146,0,0,0.438,0.474885844748858,0.598173515981735,23.7712,6.83926000000001,5.53086000000001
24,"M",140,0.7,"dense","index",1,0.35,500,1,0,1,0,0.16,0.0163951212255354,0.236,0.0189896814085966,0.074,0.0117067501895274,0.258,0.0195671152702691,0.592,0.0219788989715136,0,0,0.734,0.476839237057221,0.591280653950954,23.40944,7.32419999999996,2.80923999999997
25,"M",140,0.7,"dense","coord",0.5,0.35,500,1,0,1,0,0.054,0.0101078187557949,0.07,0.0114105214604767,0.078,0.0119929979571415,0.208,0.0181513635851415,0.088,0.0126693330526907,0,0,0.42,0.4,0.447619047619048,23.6786400000001,6.83613999999992,6.01593999999995
26,"M",140,0.7,"dense","coord",1,0.35,500,1,0,1,0,0.066,0.0111035129576184,0.076,0.0118510759005248,0.288,0.0202512221853398,0.478,0.0223390241505756,0.122,0.0146366662871024,0,0,0.56,0.428571428571429,0.535714285714286,23.5198799999999,7.0368400000001,4.44642000000006
27,"M",140,0.7,"dense","inter",0.5,0.35,500,1,0,1,0,0.072,0.0115599307956406,0.05,0.00974679434480896,0.054,0.0101078187557949,0.23,0.0188202019117755,0.582,0.0220579237463547,0,0,0.39,0.487179487179487,0.584615384615385,23.9691000000001,6.78954,5.2992399999999
28,"M",140,0.7,"dense","inter",1,0.35,500,1,0,1,0,0.084,0.0124051602166195,0.054,0.0101078187557949,0.128,0.0149409504383088,0.316,0.020791536739741,0.95,0.00974679434480897,0,0,0.43,0.353488372093023,0.488372093023256,24.63632,6.92564000000006,4.34451999999994
29,"M",180,0.7,"dense","null",0,0.45,1000,1,0,1,0,0.078,0.00848033018225116,0.078,0.00848033018225116,0.053,0.00708456067798138,0.255,0.0137831418769452,0.091,0.00909499862561837,0,0,0,NA,NA,38.77878,6.6899700000001,4.39490000000002
30,"M",180,0.7,"dense","index",0.5,0.45,500,1,0,1,0,0.114,0.0142129518397833,0.116,0.0143208938268531,0.092,0.01292563344676,0.23,0.0188202019117755,0.322,0.0208957411928843,0,0,0,NA,NA,39.8121399999999,6.94142000000002,5.09890000000001
31,"M",180,0.7,"dense","index",1,0.45,500,1,0,1,0,0.17,0.016798809481627,0.192,0.0176145394489893,0.106,0.0137669168661687,0.29,0.0202928558857545,0.6,0.0219089023002066,0,0,0.006,0.333333333333333,0.333333333333333,38.52396,6.81638000000004,7.16115999999998
32,"M",180,0.7,"dense","coord",0.5,0.45,500,1,0,1,0,0.076,0.0118510759005248,0.08,0.0121326007104825,0.116,0.0143208938268531,0.306,0.0206089301032344,0.088,0.0126693330526907,0,0,0,NA,NA,62.28232,13.8121399999999,7.23896000000003
33,"M",180,0.7,"dense","coord",1,0.45,500,1,0,1,0,0.064,0.0109456840809517,0.08,0.0121326007104825,0.304,0.0205710476155202,0.478,0.0223390241505756,0.12,0.014532721699668,0,0,0,NA,NA,40.7534,7.20449999999993,5.63150000000001
34,"M",180,0.7,"dense","inter",0.5,0.45,500,1,0,1,0,0.092,0.01292563344676,0.068,0.0112584190719657,0.108,0.0138806339912844,0.262,0.0196649942791754,0.512,0.0223542389716134,0,0,0,NA,NA,39.68882,6.86112000000002,4.99894
35,"M",180,0.7,"dense","inter",1,0.45,500,1,0,1,0,0.096,0.0131745208641529,0.082,0.0122699633251286,0.174,0.0169542914921267,0.35,0.0213307290077015,0.95,0.00974679434480897,0,0,0,NA,NA,38.9254000000002,6.63180000000016,5.90125999999992
36,"R",20,0.4,"dense","null",0,0.05,1000,0.998,0.00141279864099595,1,0,0.036,0.00589101010014412,0.045,0.00655553201502365,0.001,0.000999499874937461,0.041,0.00627048642451285,0.053,0.00708456067798138,0,0,1,0.045,0.056,2.4363600000001,1.97049999999996,0.333449999999968
37,"R",20,0.4,"dense","index",1,0.05,500,1,0,1,0,0.552,0.0222394244529844,0.81,0.0175442298206561,0.022,0.00655987804764692,0.102,0.0135348439222623,0.664,0.0211236360506424,0,0,1,0.824,0.948,2.41525999999992,1.93923999999995,0.314499999999971
38,"R",20,0.4,"dense","coord",1,0.05,500,0.998,0.00199799899899875,1,0,0.06,0.0106207344378814,0.082,0.0122699633251286,0.646,0.0213861637513604,0.698,0.0205327056181108,0.132,0.0151377673386798,0,0,1,0.058,0.096,2.44225999999995,1.98126000000004,0.32145999999989
39,"R",20,0.4,"dense","inter",1,0.05,500,1,0,1,0,0.04,0.00876356092008266,0.07,0.0114105214604767,0.176,0.017030795636141,0.298,0.0204546327270865,0.724,0.0199911980631477,0,0,1,0.06,0.068,2.44647999999988,1.96697999999995,0.327380000000237
40,"R",40,0.4,"dense","null",0,0.1,1000,1,0,1,0,0.048,0.00675988165576883,0.044,0.00648567652600714,0.007,0.00263647491928143,0.098,0.00940191469861326,0.053,0.00708456067798138,0,0,1,0.044,0.071,4.09328000000005,2.49195999999997,0.351459999999919
41,"R",40,0.4,"dense","index",1,0.1,500,1,0,1,0,0.3,0.0204939015319192,0.462,0.0222960086114085,0.036,0.0083311463797007,0.152,0.0160559023415067,0.596,0.0219446576642243,0,0,1,0.618,0.83,4.04267999999996,2.36737999999983,0.331000000000175
42,"R",40,0.4,"dense","coord",1,0.1,500,1,0,1,0,0.058,0.0104533248299285,0.038,0.00855055553750749,0.52,0.0223427840700303,0.658,0.0212149004239945,0.088,0.0126693330526907,0,0,1,0.044,0.082,4.13141999999994,2.53464000000001,0.341139999999956
43,"R",40,0.4,"dense","inter",1,0.1,500,1,0,1,0,0.05,0.00974679434480896,0.042,0.00897061870775924,0.122,0.0146366662871024,0.27,0.0198544705293292,0.71,0.0202928558857545,0,0,1,0.062,0.048,4.21832000000002,2.54081999999999,0.349920000000071
44,"R",100,0.4,"dense","null",0,0.25,1000,1,0,1,0,0.069,0.00801492358042171,0.054,0.00714730718522718,0.117,0.010164201887015,0.305,0.0145593612497252,0.097,0.00935900635751467,0,0,0.995,0.166834170854271,0.247236180904523,20.1541,11.4841099999999,0.780580000000162
45,"R",100,0.4,"dense","index",1,0.25,500,1,0,1,0,0.06,0.0106207344378814,0.092,0.01292563344676,0.088,0.0126693330526907,0.278,0.0200357680162254,0.6,0.0219089023002066,0,0,1,0.32,0.51,13.3593399999997,10.3980600000002,0.478720000000132
46,"R",100,0.4,"dense","coord",1,0.25,500,1,0,1,0,0.052,0.00992935043192655,0.038,0.00855055553750749,0.532,0.0223148381127894,0.64,0.021466252583998,0.136,0.0153299706457645,0,0,0.998,0.122244488977956,0.186372745490982,16.3854999999999,11.2197400000001,0.619519999999786
47,"R",100,0.4,"dense","inter",1,0.25,500,1,0,1,0,0.038,0.00855055553750749,0.038,0.00855055553750749,0.166,0.0166399519230075,0.382,0.0217290588843604,0.66,0.0211849002829846,0,0,1,0.118,0.2,19.4198199999999,12.1089600000001,0.709899999999921
48,"R",140,0.4,"dense","null",0,0.35,1000,1,0,1,0,0.059,0.00745110730026081,0.049,0.00682634602111554,0.128,0.0105648473723003,0.361,0.0151881203577006,0.128,0.0105648473723003,0,0,0.338,0.399408284023669,0.482248520710059,24.1757599999999,5.52962000000006,5.73407999999994
49,"R",140,0.4,"dense","index",1,0.35,500,1,0,1,0,0.082,0.0122699633251286,0.076,0.0118510759005248,0.092,0.01292563344676,0.32,0.0208614476966485,0.582,0.0220579237463547,0,0,0.756,0.492063492063492,0.576719576719577,30.1895399999998,7.97026000000005,3.00208000000009
50,"R",140,0.4,"dense","coord",1,0.35,500,1,0,1,0,0.068,0.0112584190719657,0.044,0.00917213170424411,0.43,0.0221404606998138,0.614,0.0217717247823869,0.162,0.016477621187538,0,0,0.57,0.4,0.491228070175439,28.9910000000004,7.12571999999978,4.78660000000024
51,"R",140,0.4,"dense","inter",1,0.35,500,1,0,1,0,0.066,0.0111035129576184,0.04,0.00876356092008266,0.168,0.0167198086113448,0.356,0.0214132669156297,0.632,0.0215673827804859,0,0,0.566,0.378091872791519,0.45583038869258,23.6795600000001,5.52006000000006,3.43055999999995
52,"R",180,0.4,"dense","null",0,0.45,1000,1,0,1,0,0.073,0.0082262385085773,0.061,0.00756828910652864,0.132,0.0107040179372047,0.35,0.0150831031289984,0.13,0.0106348483769163,0,0,0,NA,NA,38.82071,5.51726999999991,3.26267000000001
53,"R",180,0.4,"dense","index",1,0.45,500,1,0,1,0,0.088,0.0126693330526907,0.062,0.0107848041243223,0.08,0.0121326007104825,0.248,0.0193130008025682,0.568,0.0221529230576915,0,0,0.012,0.666666666666667,1,37.15672,5.43335999999997,5.26262000000021
54,"R",180,0.4,"dense","coord",1,0.45,500,1,0,1,0,0.092,0.01292563344676,0.074,0.0117067501895274,0.34,0.0211849002829846,0.518,0.0223461853567896,0.14,0.0155177317930167,0,0,0,NA,NA,36.9287399999999,5.37148000000011,4.05015999999994
55,"R",180,0.4,"dense","inter",1,0.45,500,1,0,1,0,0.08,0.0121326007104825,0.066,0.0111035129576184,0.142,0.0156099967969247,0.332,0.0210606742532142,0.656,0.0212444816364156,0,0,0,NA,NA,43.6703400000001,6.34485999999988,4.72020000000011
56,"R",20,0.8,"dense","null",0,0.05,1000,0.279,0.0141830532678969,0.828,0.0119338174948337,0.042,0.00634318531969546,0.038,0.00604615580348373,0.006,0.00244213021765835,0.061,0.00756828910652864,0.077,0.00843036179532053,0,0,1,0.051,0.065,3.97306000000001,3.79355000000003,0.537200000000113
57,"R",20,0.8,"dense","index",1,0.05,500,0.9,0.0134164078649987,0.998,0.00199799899899875,0.508,0.0223578174247846,0.794,0.0180866801818355,0.236,0.0189896814085966,0.364,0.0215176206863119,0.82,0.0171813852759316,0,0,1,0.842,0.964,3.87248000000004,3.67745999999989,0.496679999999891
58,"R",20,0.8,"dense","coord",1,0.05,500,0.442,0.0222097275985096,0.892,0.0138806339912844,0.072,0.0115599307956406,0.134,0.0152344346793703,0.63,0.0215916650585359,0.742,0.0195671152702691,0.216,0.0184034779321736,0,0,1,0.052,0.112,3.96247999999991,3.62654000000001,0.526519999999902
59,"R",20,0.8,"dense","inter",1,0.05,500,0.388,0.0217924757657316,0.872,0.0149409504383088,0.068,0.0112584190719657,0.078,0.0119929979571415,0.57,0.0221404606998138,0.654,0.021273645667821,0.976,0.00684455988358638,0,0,1,0.046,0.082,3.90412000000018,3.77901999999989,0.527279999999999
60,"R",40,0.8,"dense","null",0,0.1,1000,0.698,0.0145188153786733,0.995,0.00223047080231955,0.044,0.00648567652600714,0.039,0.00612200947402076,0.002,0.00141279864099595,0.064,0.00773976743836661,0.076,0.00837997613361757,0,0,1,0.049,0.062,6.55767999999988,4.91191000000008,0.611650000000067
61,"R",40,0.8,"dense","index",1,0.1,500,0.968,0.00787095928079926,1,0,0.458,0.0222816516443463,0.68,0.0208614476966485,0.13,0.0150399468084166,0.284,0.0201665068864194,0.78,0.0185256578830551,0,0,1,0.628,0.854,6.25381999999995,4.74894000000025,0.576980000000229
62,"R",40,0.8,"dense","coord",1,0.1,500,0.818,0.0172554918793989,0.998,0.00199799899899875,0.074,0.0117067501895274,0.084,0.0124051602166195,0.488,0.0223542389716134,0.626,0.0216390387956582,0.142,0.0156099967969247,0,0,1,0.06,0.092,4.93593999999992,3.65878000000022,0.46489999999998
63,"R",40,0.8,"dense","inter",1,0.1,500,0.854,0.015791390059143,0.998,0.00199799899899875,0.06,0.0106207344378814,0.076,0.0118510759005248,0.352,0.0213586516428355,0.494,0.022359069748091,0.99,0.0044497190922574,0,0,1,0.034,0.068,3.91570000000014,2.77837999999995,0.36810000000002
64,"R",100,0.8,"dense","null",0,0.25,1000,1,0,1,0,0.059,0.00745110730026081,0.049,0.00682634602111554,0.001,0.000999499874937461,0.04,0.00619677335393187,0.085,0.00881901355027874,0,0,0.992,0.16633064516129,0.238911290322581,13.6670200000001,12.64034,0.757830000000155
65,"R",100,0.8,"dense","index",1,0.25,500,1,0,1,0,0.404,0.0219446576642243,0.62,0.0217071416819442,0.036,0.0083311463797007,0.13,0.0150399468084166,0.684,0.020791536739741,0,0,1,0.374,0.586,13.1964400000001,17.03596,0.670299999999872
66,"R",100,0.8,"dense","coord",1,0.25,500,1,0,1,0,0.082,0.0122699633251286,0.064,0.0109456840809517,0.268,0.0198078772209442,0.46,0.0222890107452081,0.112,0.014103616557465,0,0,0.996,0.14859437751004,0.257028112449799,13.05974,14.52464,0.689760000000242
67,"R",100,0.8,"dense","inter",1,0.25,500,1,0,1,0,0.066,0.0111035129576184,0.056,0.0102824121683582,0.068,0.0112584190719657,0.258,0.0195671152702691,0.986,0.00525433154644813,0,0,0.992,0.137096774193548,0.189516129032258,13.7058800000001,13.2989800000001,0.682600000000064
68,"R",140,0.8,"dense","null",0,0.35,1000,1,0,1,0,0.1,0.00948683298050514,0.08,0.00857904423581089,0.002,0.00141279864099595,0.059,0.00745110730026081,0.072,0.00817410545564467,0,0,0.334,0.437125748502994,0.526946107784431,24.2655599999998,7.99323000000003,7.61438999999999
69,"R",140,0.8,"dense","index",1,0.35,500,1,0,1,0,0.382,0.0217290588843604,0.582,0.0220579237463547,0.042,0.00897061870775924,0.164,0.0165592270351004,0.604,0.0218716254539986,0,0,0.768,0.458333333333333,0.5703125,23.6230199999999,8.97984000000013,3.12058000000018
70,"R",140,0.8,"dense","coord",1,0.35,500,1,0,1,0,0.102,0.0135348439222623,0.09,0.0127984374046209,0.168,0.0167198086113448,0.37,0.0215916650585359,0.098,0.0132963152790538,0,0,0.554,0.357400722021661,0.454873646209386,23.7859800000002,8.47917999999957,5.44621999999993
71,"R",140,0.8,"dense","inter",1,0.35,500,1,0,1,0,0.092,0.01292563344676,0.07,0.0114105214604767,0.064,0.0109456840809517,0.192,0.0176145394489893,0.982,0.005945754788082,0,0,0.438,0.378995433789954,0.493150684931507,24.8967399999998,8.18356000000038,4.58906000000009
72,"R",180,0.8,"dense","null",0,0.45,1000,1,0,1,0,0.094,0.00922843432007835,0.088,0.00895857131466843,0.009,0.00298646948753876,0.102,0.00957057991973318,0.062,0.00762600813007697,0,0,0,NA,NA,39.1813699999997,7.47822000000034,5.42200000000004
73,"R",180,0.8,"dense","index",1,0.45,500,1,0,1,0,0.358,0.0214399626865347,0.468,0.0223148381127894,0.036,0.0083311463797007,0.202,0.0179552777756291,0.614,0.0217717247823869,0,0,0.01,0.4,0.4,38.53424,7.96988000000003,8.99314000000016
74,"R",180,0.8,"dense","coord",1,0.45,500,1,0,1,0,0.092,0.01292563344676,0.09,0.0127984374046209,0.236,0.0189896814085966,0.366,0.0215427017804174,0.114,0.0142129518397833,0,0,0.004,0.5,0.5,38.4920000000001,7.81615999999968,7.2156200000002
75,"R",180,0.8,"dense","inter",1,0.45,500,1,0,1,0,0.108,0.0138806339912844,0.108,0.0138806339912844,0.082,0.0122699633251286,0.258,0.0195671152702691,0.99,0.0044497190922574,0,0,0,NA,NA,40.1762999999995,7.59204000000042,7.47181999999972
76,"S",20,0.7,"sparse","null",0,0.05,1000,0.996,0.00199599599197994,1,0,0.058,0.00739161687318817,0.046,0.00662449998113065,0.002,0.00141279864099595,0.034,0.00573096850453743,0.084,0.00877177291087725,0,0,1,0.054,0.05,2.24956000000024,1.88397999999981,0.295049999999959
77,"S",20,0.7,"sparse","index",1,0.05,500,1,0,1,0,0.904,0.0131745208641529,0.98,0.00626099033699941,0.61,0.0218128402552258,0.644,0.0214132669156297,0.98,0.00626099033699941,0,0,1,0.84,0.954,2.21047999999989,1.87480000000008,0.285099999999948
78,"S",20,0.7,"sparse","coord",1,0.05,500,0.998,0.00199799899899875,1,0,0.212,0.0182787308093314,0.364,0.0215176206863119,0.562,0.0221881049213312,0.642,0.0214399626865347,0.442,0.0222097275985096,0,0,1,0.158,0.296,2.20764000000022,1.87402000000019,0.287459999999875
79,"S",20,0.7,"sparse","inter",1,0.05,500,0.998,0.00199799899899875,1,0,0.22,0.0185256578830551,0.434,0.0221650174825106,0.412,0.0220116332878776,0.526,0.022330427671677,0.888,0.014103616557465,0,0,1,0.196,0.364,2.23456000000011,1.86258000000019,0.287759999999747
80,"S",40,0.7,"sparse","null",0,0.1,1000,1,0,1,0,0.046,0.00662449998113065,0.053,0.00708456067798138,0.002,0.00141279864099595,0.029,0.00530650544143695,0.101,0.00952885092757779,0,0,1,0.061,0.091,6.12014999999992,4.16986000000016,0.518120000000054
81,"S",40,0.7,"sparse","index",1,0.1,500,1,0,1,0,0.82,0.0171813852759316,0.958,0.00897061870775924,0.46,0.0222890107452081,0.574,0.0221144296783797,0.968,0.00787095928079926,0,0,1,0.648,0.842,7.79048000000001,5.58921999999983,0.660360000000132
82,"S",40,0.7,"sparse","coord",1,0.1,500,1,0,1,0,0.196,0.017752971582245,0.328,0.020995999618975,0.46,0.0222890107452081,0.574,0.0221144296783797,0.406,0.0219619671250095,0,0,1,0.12,0.242,7.03191999999995,4.83056000000011,0.599319999999978
83,"S",40,0.7,"sparse","inter",1,0.1,500,1,0,1,0,0.214,0.0183414285157945,0.384,0.021750586198997,0.258,0.0195671152702691,0.432,0.0221529230576915,0.92,0.0121326007104825,0,0,1,0.128,0.258,3.87901999999981,2.52805999999968,0.327119999999442
84,"S",100,0.7,"sparse","null",0,0.25,1000,1,0,1,0,0.086,0.00886588969026798,0.078,0.00848033018225116,0.001,0.000999499874937461,0.025,0.00493710441453287,0.101,0.00952885092757779,0,0,0.997,0.16950852557673,0.264794383149448,14.3918299999999,9.1432399999999,0.574449999999997
85,"S",100,0.7,"sparse","index",1,0.25,500,1,0,1,0,0.686,0.0207559148196364,0.842,0.0163117135825762,0.304,0.0205710476155202,0.44,0.0221990990808186,0.956,0.00917213170424412,0,0,1,0.32,0.51,13.4199799999998,12.3136799999999,0.520380000000005
86,"S",100,0.7,"sparse","coord",1,0.25,500,1,0,1,0,0.192,0.0176145394489893,0.278,0.0200357680162254,0.22,0.0185256578830551,0.424,0.022100859711785,0.354,0.0213861637513604,0,0,1,0.146,0.264,13.5569000000002,11.7228599999995,0.530359999999375
87,"S",100,0.7,"sparse","inter",1,0.25,500,1,0,1,0,0.2,0.0178885438199983,0.258,0.0195671152702691,0.094,0.0130509769749241,0.238,0.0190449993436597,0.914,0.0125382614424808,0,0,1,0.114,0.248,13.6019799999998,12.2305799999999,0.51460000000021
88,"S",140,0.7,"sparse","null",0,0.35,1000,1,0,1,0,0.134,0.0107723720693262,0.114,0.0100500746265886,0.001,0.000999499874937461,0.021,0.00453420334788814,0.102,0.00957057991973318,0,0,0.317,0.369085173501577,0.460567823343849,25.9069799999997,6.08077000000019,5.05713000000024
89,"S",140,0.7,"sparse","index",1,0.35,500,1,0,1,0,0.634,0.0215427017804174,0.754,0.0192605295877346,0.222,0.0185858010319706,0.366,0.0215427017804174,0.956,0.00917213170424412,0,0,0.766,0.490861618798956,0.613577023498694,24.4875400000004,6.86767999999956,2.26614000000022
90,"S",140,0.7,"sparse","coord",1,0.35,500,1,0,1,0,0.212,0.0182787308093314,0.25,0.0193649167310371,0.166,0.0166399519230075,0.326,0.0209630150503214,0.382,0.0217290588843604,0,0,0.718,0.392757660167131,0.515320334261838,24.43012,6.80899999999988,2.76214000000013
91,"S",140,0.7,"sparse","inter",1,0.35,500,1,0,1,0,0.194,0.0176841171676734,0.22,0.0185256578830551,0.054,0.0101078187557949,0.184,0.0173288199251998,0.91,0.0127984374046209,0,0,0.73,0.342465753424658,0.495890410958904,24.6483599999999,6.88952000000014,2.02022000000015
92,"S",180,0.7,"sparse","null",0,0.45,1000,1,0,1,0,0.166,0.0117662228433767,0.172,0.0119338174948337,0.001,0.000999499874937461,0.034,0.00573096850453743,0.104,0.00965318600255895,0,0,0,NA,NA,41.7241099999999,5.93507000000021,3.65375000000006
93,"S",180,0.7,"sparse","index",1,0.45,500,1,0,1,0,0.482,0.0223461853567896,0.584,0.022042867327097,0.134,0.0152344346793703,0.318,0.0208267136149706,0.922,0.0119929979571415,0,0,0.008,0.5,0.75,39.6115199999999,6.48254000000015,6.09414000000022
94,"S",180,0.7,"sparse","coord",1,0.45,500,1,0,1,0,0.212,0.0182787308093314,0.212,0.0182787308093314,0.118,0.0144274737913468,0.292,0.0203340109176719,0.398,0.0218904545407353,0,0,0,NA,NA,39.5710400000002,6.45082000000001,5.38895999999979
95,"S",180,0.7,"sparse","inter",1,0.45,500,1,0,1,0,0.196,0.017752971582245,0.22,0.0185256578830551,0.052,0.00992935043192655,0.148,0.0158805541465026,0.922,0.0119929979571415,0,0,0.004,0,1,39.6778199999997,6.45959999999983,6.67379999999949
