"cell","panel","p","rho","signal","dep","a","kappa","HL","se_HL","nom_HL","thr_HL","EDGE_u","se_EDGE_u","nom_EDGE_u","thr_EDGE_u","SC.HL","se_SC.HL","nom_SC.HL","thr_SC.HL","SC.EDGE","se_SC.EDGE","nom_SC.EDGE","thr_SC.EDGE","GRP5","se_GRP5","nom_GRP5","thr_GRP5","GRP1","se_GRP1","nom_GRP1","thr_GRP1","PLS","se_PLS","nom_PLS","thr_PLS"
2,"M",20,0.7,"dense","index",0.5,0.05,0.12,0.014532721699668,0.748,0.00111974714497155,0.166,0.0166399519230075,1,5e-05,0.134,0.0152344346793703,0.134,0.048,0.212,0.0182787308093314,0.224,0.042,0.06,0.0106207344378814,0.012,0.214952367119702,0.064,0.0109456840809517,0.054,0.05626078011333,0.282,0.0201234191925726,0.316,0.023153663505622
3,"M",20,0.7,"dense","index",1,0.05,0.41,0.0219954540757858,0.934,0.00111974714497155,0.536,0.0223026455829796,1,5e-05,0.43,0.0221404606998138,0.43,0.048,0.73,0.0198544705293292,0.744,0.042,0.226,0.0187042241218394,0.046,0.214952367119702,0.208,0.0181513635851415,0.18,0.05626078011333,0.716,0.0201665068864194,0.742,0.023153663505622
4,"M",20,0.7,"dense","coord",0.5,0.05,0.042,0.00897061870775924,0.668,0.00111974714497155,0.056,0.0102824121683582,1,5e-05,0.056,0.0102824121683582,0.056,0.048,0.054,0.0101078187557949,0.054,0.042,0.256,0.0195173768729304,0.076,0.214952367119702,0.204,0.0180213207063189,0.184,0.05626078011333,0.054,0.0101078187557949,0.07,0.023153663505622
5,"M",20,0.7,"dense","coord",1,0.05,0.052,0.00992935043192655,0.626,0.00111974714497155,0.062,0.0107848041243223,0.998,5e-05,0.058,0.0104533248299285,0.058,0.048,0.102,0.0135348439222623,0.108,0.042,0.858,0.0156099967969247,0.636,0.214952367119702,0.706,0.0203746901816936,0.696,0.05626078011333,0.128,0.0149409504383088,0.144,0.023153663505622
6,"M",20,0.7,"dense","inter",0.5,0.05,0.046,0.00936845771725528,0.696,0.00111974714497155,0.058,0.0104533248299285,0.998,5e-05,0.046,0.00936845771725528,0.046,0.048,0.05,0.00974679434480896,0.058,0.042,0.236,0.0189896814085966,0.072,0.214952367119702,0.2,0.0178885438199983,0.186,0.05626078011333,0.546,0.0222658482883541,0.578,0.023153663505622
7,"M",20,0.7,"dense","inter",1,0.05,0.046,0.00936845771725528,0.67,0.00111974714497155,0.05,0.00974679434480896,0.996,5e-05,0.048,0.00955991631762538,0.048,0.048,0.074,0.0117067501895274,0.076,0.042,0.712,0.0202512221853398,0.428,0.214952367119702,0.56,0.0221990990808186,0.54,0.05626078011333,0.95,0.00974679434480897,0.96,0.023153663505622
9,"M",40,0.7,"dense","index",0.5,0.1,0.068,0.0112584190719657,0.954,0.000166855925969515,0.38,0.0217071416819442,1,0,0.076,0.0118510759005248,0.064,0.056,0.144,0.0157012101444443,0.128,0.054,0.088,0.0126693330526907,0.008,0.195422864780812,0.068,0.0112584190719657,0.066,0.0523856171544513,0.242,0.0191539029965174,0.32,0.0112029160829277
10,"M",40,0.7,"dense","index",1,0.1,0.318,0.0208267136149706,0.996,0.000166855925969515,0.704,0.0204148965219028,1,0,0.248,0.0193130008025682,0.238,0.056,0.48,0.0223427840700303,0.46,0.054,0.17,0.016798809481627,0.032,0.195422864780812,0.152,0.0160559023415067,0.146,0.0523856171544513,0.546,0.0222658482883541,0.612,0.0112029160829277
11,"M",40,0.7,"dense","coord",0.5,0.1,0.042,0.00897061870775924,0.966,0.000166855925969515,0.256,0.0195173768729304,1,0,0.064,0.0109456840809517,0.056,0.056,0.05,0.00974679434480896,0.042,0.054,0.206,0.0180866801818355,0.048,0.195422864780812,0.156,0.0162273842624127,0.154,0.0523856171544513,0.034,0.00810481338464989,0.064,0.0112029160829277
12,"M",40,0.7,"dense","coord",1,0.1,0.052,0.00992935043192655,0.95,0.000166855925969515,0.272,0.0199005527561422,1,0,0.066,0.0111035129576184,0.048,0.056,0.094,0.0130509769749241,0.078,0.054,0.77,0.0188202019117755,0.47,0.195422864780812,0.626,0.0216390387956582,0.614,0.0523856171544513,0.074,0.0117067501895274,0.106,0.0112029160829277
13,"M",40,0.7,"dense","inter",0.5,0.1,0.046,0.00936845771725528,0.952,0.000166855925969515,0.286,0.0202091068580479,1,0,0.046,0.00936845771725528,0.038,0.056,0.054,0.0101078187557949,0.042,0.054,0.182,0.0172554918793989,0.04,0.195422864780812,0.156,0.0162273842624127,0.148,0.0523856171544513,0.478,0.0223390241505756,0.558,0.0112029160829277
14,"M",40,0.7,"dense","inter",1,0.1,0.038,0.00855055553750749,0.958,0.000166855925969515,0.292,0.0203340109176719,1,0,0.038,0.00855055553750749,0.038,0.056,0.052,0.00992935043192655,0.048,0.054,0.53,0.0223203942617508,0.238,0.195422864780812,0.428,0.022127629787214,0.422,0.0523856171544513,0.92,0.0121326007104825,0.954,0.0112029160829277
16,"M",100,0.7,"dense","index",0.5,0.25,0.054,0.0101078187557949,1,1.82233153696438e-08,1,0,1,0,0.062,0.0107848041243223,0.062,0.052,0.11,0.0139928553197694,0.1,0.052,0.064,0.0109456840809517,0.014,0.156521145499367,0.074,0.0117067501895274,0.112,0.0255056556203207,0.212,0.0182787308093314,0.28,0.0096670959276085
17,"M",100,0.7,"dense","index",1,0.25,0.21,0.018215378118502,1,1.82233153696438e-08,1,0,1,0,0.194,0.0176841171676734,0.178,0.052,0.282,0.0201234191925726,0.268,0.052,0.134,0.0152344346793703,0.024,0.156521145499367,0.102,0.0135348439222623,0.174,0.0255056556203207,0.556,0.0222199909990981,0.628,0.0096670959276085
18,"M",100,0.7,"dense","coord",0.5,0.25,0.06,0.0106207344378814,1,1.82233153696438e-08,1,0,1,0,0.07,0.0114105214604767,0.06,0.052,0.05,0.00974679434480896,0.046,0.052,0.15,0.0159687194226713,0.03,0.156521145499367,0.124,0.0147393351274744,0.16,0.0255056556203207,0.05,0.00974679434480896,0.084,0.0096670959276085
19,"M",100,0.7,"dense","coord",1,0.25,0.05,0.00974679434480896,1,1.82233153696438e-08,1,0,1,0,0.054,0.0101078187557949,0.046,0.052,0.046,0.00936845771725528,0.044,0.052,0.538,0.0222960086114085,0.262,0.156521145499367,0.356,0.0214132669156297,0.476,0.0255056556203207,0.052,0.00992935043192655,0.11,0.0096670959276085
20,"M",100,0.7,"dense","inter",0.5,0.25,0.046,0.00936845771725528,1,1.82233153696438e-08,1,0,1,0,0.062,0.0107848041243223,0.056,0.052,0.066,0.0111035129576184,0.06,0.052,0.132,0.0151377673386798,0.016,0.156521145499367,0.08,0.0121326007104825,0.136,0.0255056556203207,0.486,0.0223519126698366,0.588,0.0096670959276085
21,"M",100,0.7,"dense","inter",1,0.25,0.09,0.0127984374046209,1,1.82233153696438e-08,1,0,1,0,0.078,0.0119929979571415,0.07,0.052,0.078,0.0119929979571415,0.072,0.052,0.328,0.020995999618975,0.12,0.156521145499367,0.218,0.0184648855940133,0.31,0.0255056556203207,0.932,0.0112584190719657,0.952,0.0096670959276085
23,"M",140,0.7,"dense","index",0.5,0.35,0.042,0.00897061870775924,1,1.22474237621538e-10,1,0,1,0,0.058,0.0104533248299285,0.084,0.036,0.078,0.0119929979571415,0.112,0.034,0.038,0.00855055553750749,0.032,0.0596008314507541,0.046,0.00936845771725528,0.17,0.00918020054477453,0.166,0.0166399519230075,0.264,0.00862404055012256
24,"M",140,0.7,"dense","index",1,0.35,0.18,0.0171813852759316,1,1.22474237621538e-10,1,0,1,0,0.138,0.01542439626047,0.16,0.036,0.184,0.0173288199251998,0.236,0.034,0.082,0.0122699633251286,0.074,0.0596008314507541,0.07,0.0114105214604767,0.258,0.00918020054477453,0.516,0.0223492281745925,0.592,0.00862404055012256
25,"M",140,0.7,"dense","coord",0.5,0.35,0.048,0.00955991631762538,1,1.22474237621538e-10,1,0,1,0,0.028,0.00737780455149091,0.054,0.036,0.054,0.0101078187557949,0.07,0.034,0.088,0.0126693330526907,0.078,0.0596008314507541,0.096,0.0131745208641529,0.208,0.00918020054477453,0.06,0.0106207344378814,0.088,0.00862404055012256
26,"M",140,0.7,"dense","coord",1,0.35,0.03,0.00762889244910426,1,1.22474237621538e-10,1,0,1,0,0.056,0.0102824121683582,0.066,0.036,0.052,0.00992935043192655,0.076,0.034,0.324,0.020929596269398,0.288,0.0596008314507541,0.23,0.0188202019117755,0.478,0.00918020054477453,0.066,0.0111035129576184,0.122,0.00862404055012256
27,"M",140,0.7,"dense","inter",0.5,0.35,0.06,0.0106207344378814,1,1.22474237621538e-10,1,0,1,0,0.058,0.0104533248299285,0.072,0.036,0.036,0.0083311463797007,0.05,0.034,0.072,0.0115599307956406,0.054,0.0596008314507541,0.088,0.0126693330526907,0.23,0.00918020054477453,0.47,0.0223203942617508,0.582,0.00862404055012256
28,"M",140,0.7,"dense","inter",1,0.35,0.088,0.0126693330526907,1,1.22474237621538e-10,1,0,1,0,0.052,0.00992935043192655,0.084,0.036,0.036,0.0083311463797007,0.054,0.034,0.142,0.0156099967969247,0.128,0.0596008314507541,0.138,0.01542439626047,0.316,0.00918020054477453,0.91,0.0127984374046209,0.95,0.00862404055012256
30,"M",180,0.7,"dense","index",0.5,0.45,0.064,0.0109456840809517,1,2.05580275197483e-12,1,0,1,0,0.082,0.0122699633251286,0.114,0.032,0.082,0.0122699633251286,0.116,0.028,0.092,0.01292563344676,0.092,0.0485555046835495,0.026,0.00711674082709213,0.23,0.00195255445282161,0.242,0.0191539029965174,0.322,0.0101379757162783
31,"M",180,0.7,"dense","index",1,0.45,0.2,0.0178885438199983,1,2.05580275197483e-12,1,0,1,0,0.124,0.0147393351274744,0.17,0.032,0.138,0.01542439626047,0.192,0.028,0.1,0.0134164078649987,0.106,0.0485555046835495,0.044,0.00917213170424411,0.29,0.00195255445282161,0.506,0.022359069748091,0.6,0.0101379757162783
32,"M",180,0.7,"dense","coord",0.5,0.45,0.046,0.00936845771725528,1,2.05580275197483e-12,1,0,1,0,0.044,0.00917213170424411,0.076,0.032,0.054,0.0101078187557949,0.08,0.028,0.11,0.0139928553197694,0.116,0.0485555046835495,0.07,0.0114105214604767,0.306,0.00195255445282161,0.056,0.0102824121683582,0.088,0.0101379757162783
33,"M",180,0.7,"dense","coord",1,0.45,0.052,0.00992935043192655,1,2.05580275197483e-12,1,0,1,0,0.038,0.00855055553750749,0.064,0.032,0.048,0.00955991631762538,0.08,0.028,0.294,0.0203746901816936,0.304,0.0485555046835495,0.128,0.0149409504383088,0.478,0.00195255445282161,0.086,0.0125382614424808,0.12,0.0101379757162783
34,"M",180,0.7,"dense","inter",0.5,0.45,0.064,0.0109456840809517,1,2.05580275197483e-12,1,0,1,0,0.066,0.0111035129576184,0.092,0.032,0.034,0.00810481338464989,0.068,0.028,0.104,0.013651666564929,0.108,0.0485555046835495,0.052,0.00992935043192655,0.262,0.00195255445282161,0.386,0.0217717247823869,0.512,0.0101379757162783
35,"M",180,0.7,"dense","inter",1,0.45,0.098,0.0132963152790538,1,2.05580275197483e-12,1,0,1,0,0.074,0.0117067501895274,0.096,0.032,0.06,0.0106207344378814,0.082,0.028,0.172,0.0168769665520792,0.174,0.0485555046835495,0.074,0.0117067501895274,0.35,0.00195255445282161,0.914,0.0125382614424808,0.95,0.0101379757162783
37,"R",20,0.4,"dense","index",1,0.05,0.548,0.0222574032627348,1,4.96615800340425e-06,0.992,0.0039839678713564,1,0,0.632,0.0215673827804859,0.552,0.072,0.822,0.0171064899964896,0.81,0.052,0.134,0.0152344346793703,0.022,0.223828999320612,0.108,0.0138806339912844,0.102,0.0571359679399284,0.658,0.0212149004239945,0.664,0.0454858226702739
38,"R",20,0.4,"dense","coord",1,0.05,0.062,0.0107848041243223,0.998,4.96615800340425e-06,0.824,0.017030795636141,1,0,0.094,0.0130509769749241,0.06,0.072,0.086,0.0125382614424808,0.082,0.052,0.872,0.0149409504383088,0.646,0.223828999320612,0.716,0.0201665068864194,0.698,0.0571359679399284,0.122,0.0146366662871024,0.132,0.0454858226702739
39,"R",20,0.4,"dense","inter",1,0.05,0.048,0.00955991631762538,1,4.96615800340425e-06,0.798,0.0179552777756291,1,0,0.056,0.0102824121683582,0.04,0.072,0.076,0.0118510759005248,0.07,0.052,0.46,0.0222890107452081,0.176,0.223828999320612,0.324,0.020929596269398,0.298,0.0571359679399284,0.722,0.0200357680162254,0.724,0.0454858226702739
41,"R",40,0.4,"dense","index",1,0.1,0.382,0.0217290588843604,1,5.80131988238183e-08,1,0,1,0,0.308,0.0206463556106156,0.3,0.05,0.478,0.0223390241505756,0.462,0.054,0.128,0.0149409504383088,0.036,0.162618390345707,0.1,0.0134164078649987,0.152,0.0268878980552661,0.582,0.0220579237463547,0.596,0.0415213132613287
42,"R",40,0.4,"dense","coord",1,0.1,0.096,0.0131745208641529,1,5.80131988238183e-08,1,0,1,0,0.064,0.0109456840809517,0.058,0.05,0.042,0.00897061870775924,0.038,0.054,0.798,0.0179552777756291,0.52,0.162618390345707,0.526,0.022330427671677,0.658,0.0268878980552661,0.084,0.0124051602166195,0.088,0.0415213132613287
43,"R",40,0.4,"dense","inter",1,0.1,0.078,0.0119929979571415,1,5.80131988238183e-08,1,0,1,0,0.054,0.0101078187557949,0.05,0.05,0.044,0.00917213170424411,0.042,0.054,0.31,0.0206833266183175,0.122,0.162618390345707,0.194,0.0176841171676734,0.27,0.0268878980552661,0.694,0.0206089301032344,0.71,0.0415213132613287
45,"R",100,0.4,"dense","index",1,0.25,0.19,0.0175442298206561,1,5.74937020478706e-16,1,0,1,0,0.05,0.00974679434480896,0.06,0.034,0.09,0.0127984374046209,0.092,0.046,0.032,0.00787095928079926,0.088,0.0210277153584459,0.044,0.00917213170424411,0.278,0.00241073102385003,0.492,0.0223578174247846,0.6,0.0060904044886877
46,"R",100,0.4,"dense","coord",1,0.25,0.096,0.0131745208641529,1,5.74937020478706e-16,1,0,1,0,0.038,0.00855055553750749,0.052,0.034,0.036,0.0083311463797007,0.038,0.046,0.354,0.0213861637513604,0.532,0.0210277153584459,0.232,0.0188772879408034,0.64,0.00241073102385003,0.09,0.0127984374046209,0.136,0.0060904044886877
47,"R",100,0.4,"dense","inter",1,0.25,0.1,0.0134164078649987,1,5.74937020478706e-16,1,0,1,0,0.024,0.00684455988358638,0.038,0.034,0.038,0.00855055553750749,0.038,0.046,0.076,0.0118510759005248,0.166,0.0210277153584459,0.088,0.0126693330526907,0.382,0.00241073102385003,0.532,0.0223148381127894,0.66,0.0060904044886877
49,"R",140,0.4,"dense","index",1,0.35,0.144,0.0157012101444443,1,7.27871945826118e-21,1,0,1,0,0.074,0.0117067501895274,0.082,0.042,0.078,0.0119929979571415,0.076,0.05,0.024,0.00684455988358638,0.092,0.0188244864625959,0.034,0.00810481338464989,0.32,0.00146905095699634,0.396,0.0218716254539986,0.582,0.00161235325481668
50,"R",140,0.4,"dense","coord",1,0.35,0.086,0.0125382614424808,1,7.27871945826118e-21,1,0,1,0,0.062,0.0107848041243223,0.068,0.042,0.048,0.00955991631762538,0.044,0.05,0.212,0.0182787308093314,0.43,0.0188244864625959,0.156,0.0162273842624127,0.614,0.00146905095699634,0.056,0.0102824121683582,0.162,0.00161235325481668
51,"R",140,0.4,"dense","inter",1,0.35,0.102,0.0135348439222623,1,7.27871945826118e-21,1,0,1,0,0.058,0.0104533248299285,0.066,0.042,0.04,0.00876356092008266,0.04,0.05,0.052,0.00992935043192655,0.168,0.0188244864625959,0.034,0.00810481338464989,0.356,0.00146905095699634,0.472,0.0223255906976725,0.632,0.00161235325481668
53,"R",180,0.4,"dense","index",1,0.45,0.078,0.0119929979571415,1,1.87436327596254e-25,1,0,1,0,0.058,0.0104533248299285,0.088,0.034,0.056,0.0102824121683582,0.062,0.042,0.03,0.00762889244910426,0.08,0.0206762580856961,0.022,0.00655987804764692,0.248,0.00165469994895662,0.426,0.0221144296783797,0.568,0.00310056963136573
54,"R",180,0.4,"dense","coord",1,0.45,0.056,0.0102824121683582,1,1.87436327596254e-25,1,0,1,0,0.072,0.0115599307956406,0.092,0.034,0.06,0.0106207344378814,0.074,0.042,0.194,0.0176841171676734,0.34,0.0206762580856961,0.116,0.0143208938268531,0.518,0.00165469994895662,0.058,0.0104533248299285,0.14,0.00310056963136573
55,"R",180,0.4,"dense","inter",1,0.45,0.078,0.0119929979571415,1,1.87436327596254e-25,1,0,1,0,0.068,0.0112584190719657,0.08,0.034,0.062,0.0107848041243223,0.066,0.042,0.052,0.00992935043192655,0.142,0.0206762580856961,0.05,0.00974679434480896,0.332,0.00165469994895662,0.512,0.0223542389716134,0.656,0.00310056963136573
57,"R",20,0.8,"dense","index",1,0.05,0.572,0.022127629787214,0.9,0.00432030503393274,0.73,0.0198544705293292,0.998,0.00055,0.534,0.0223089219820232,0.508,0.062,0.82,0.0171813852759316,0.794,0.06,0.526,0.022330427671677,0.236,0.226748245045442,0.338,0.0211544794310803,0.364,0.0422456963368087,0.746,0.0194671004517879,0.82,0.0102308012141612
58,"R",20,0.8,"dense","coord",1,0.05,0.116,0.0143208938268531,0.442,0.00432030503393274,0.162,0.016477621187538,0.892,0.00055,0.092,0.01292563344676,0.072,0.062,0.152,0.0160559023415067,0.134,0.06,0.9,0.0134164078649987,0.63,0.226748245045442,0.698,0.0205327056181108,0.742,0.0422456963368087,0.166,0.0166399519230075,0.216,0.0102308012141612
59,"R",20,0.8,"dense","inter",1,0.05,0.082,0.0122699633251286,0.388,0.00432030503393274,0.108,0.0138806339912844,0.872,0.00055,0.082,0.0122699633251286,0.068,0.062,0.116,0.0143208938268531,0.078,0.06,0.834,0.0166399519230075,0.57,0.226748245045442,0.624,0.0216621328589777,0.654,0.0422456963368087,0.966,0.00810481338464989,0.976,0.0102308012141612
61,"R",40,0.8,"dense","index",1,0.1,0.498,0.0223605008888441,0.968,0.000116431243501295,0.79,0.018215378118502,1,0,0.472,0.0223255906976725,0.458,0.052,0.712,0.0202512221853398,0.68,0.06,0.338,0.0211544794310803,0.13,0.199311168793224,0.244,0.0192074985357282,0.284,0.0360779359669104,0.698,0.0205327056181108,0.78,0.00968231822012688
62,"R",40,0.8,"dense","coord",1,0.1,0.088,0.0126693330526907,0.818,0.000116431243501295,0.366,0.0215427017804174,0.998,0,0.076,0.0118510759005248,0.074,0.052,0.092,0.01292563344676,0.084,0.06,0.78,0.0185256578830551,0.488,0.199311168793224,0.574,0.0221144296783797,0.626,0.0360779359669104,0.09,0.0127984374046209,0.142,0.00968231822012688
63,"R",40,0.8,"dense","inter",1,0.1,0.102,0.0135348439222623,0.854,0.000116431243501295,0.368,0.0215673827804859,0.998,0,0.068,0.0112584190719657,0.06,0.052,0.094,0.0130509769749241,0.076,0.06,0.672,0.020995999618975,0.352,0.199311168793224,0.418,0.0220579237463547,0.494,0.0360779359669104,0.972,0.00737780455149091,0.99,0.00968231822012688
65,"R",100,0.8,"dense","index",1,0.25,0.378,0.0216848334095515,1,4.09218287929276e-07,1,0,1,0,0.382,0.0217290588843604,0.404,0.042,0.626,0.0216390387956582,0.62,0.05,0.24,0.0190997382181013,0.036,0.253443913804854,0.152,0.0160559023415067,0.13,0.0588097478250036,0.614,0.0217717247823869,0.684,0.016023231349359
66,"R",100,0.8,"dense","coord",1,0.25,0.058,0.0104533248299285,1,4.09218287929276e-07,0.996,0.00282276460230038,1,0,0.078,0.0119929979571415,0.082,0.042,0.07,0.0114105214604767,0.064,0.05,0.664,0.0211236360506424,0.268,0.253443913804854,0.484,0.0223492281745925,0.46,0.0588097478250036,0.078,0.0119929979571415,0.112,0.016023231349359
67,"R",100,0.8,"dense","inter",1,0.25,0.07,0.0114105214604767,1,4.09218287929276e-07,0.996,0.00282276460230038,1,0,0.056,0.0102824121683582,0.066,0.042,0.06,0.0106207344378814,0.056,0.05,0.418,0.0220579237463547,0.068,0.253443913804854,0.28,0.0200798406368178,0.258,0.0588097478250036,0.978,0.00655987804764693,0.986,0.016023231349359
69,"R",140,0.8,"dense","index",1,0.35,0.376,0.0216621328589777,1,2.84505346750056e-08,1,0,1,0,0.284,0.0201665068864194,0.382,0.022,0.512,0.0223542389716134,0.582,0.03,0.268,0.0198078772209442,0.042,0.210545562956811,0.132,0.0151377673386798,0.164,0.0376372907298086,0.538,0.0222960086114085,0.604,0.0110864136740094
70,"R",140,0.8,"dense","coord",1,0.35,0.054,0.0101078187557949,1,2.84505346750056e-08,1,0,1,0,0.05,0.00974679434480896,0.102,0.022,0.056,0.0102824121683582,0.09,0.03,0.514,0.0223519126698366,0.168,0.210545562956811,0.33,0.0210285520186246,0.37,0.0376372907298086,0.052,0.00992935043192655,0.098,0.0110864136740094
71,"R",140,0.8,"dense","inter",1,0.35,0.078,0.0119929979571415,1,2.84505346750056e-08,1,0,1,0,0.06,0.0106207344378814,0.092,0.022,0.048,0.00955991631762538,0.07,0.03,0.302,0.0205327056181108,0.064,0.210545562956811,0.158,0.0163117135825762,0.192,0.0376372907298086,0.97,0.00762889244910426,0.982,0.0110864136740094
73,"R",180,0.8,"dense","index",1,0.45,0.33,0.0210285520186246,1,2.16339545811928e-09,1,0,1,0,0.232,0.0188772879408034,0.358,0.022,0.378,0.0216848334095515,0.468,0.026,0.17,0.016798809481627,0.036,0.15536493432734,0.1,0.0134164078649987,0.202,0.0216146175706898,0.562,0.0221881049213312,0.614,0.021564330502609
74,"R",180,0.8,"dense","coord",1,0.45,0.046,0.00936845771725528,1,2.16339545811928e-09,1,0,1,0,0.062,0.0107848041243223,0.092,0.022,0.05,0.00974679434480896,0.09,0.026,0.502,0.0223605008888441,0.236,0.15536493432734,0.266,0.0197607692157972,0.366,0.0216146175706898,0.092,0.01292563344676,0.114,0.021564330502609
75,"R",180,0.8,"dense","inter",1,0.45,0.08,0.0121326007104825,1,2.16339545811928e-09,1,0,1,0,0.07,0.0114105214604767,0.108,0.022,0.058,0.0104533248299285,0.108,0.026,0.274,0.0199461274436919,0.082,0.15536493432734,0.168,0.0167198086113448,0.258,0.0216146175706898,0.98,0.00626099033699941,0.99,0.021564330502609
77,"S",20,0.7,"sparse","index",1,0.05,0.864,0.0153299706457645,1,1.17284425990434e-05,0.998,0.00199799899899875,1,0,0.892,0.0138806339912844,0.904,0.044,0.982,0.005945754788082,0.98,0.052,0.858,0.0156099967969247,0.61,0.223559715260189,0.688,0.02071984555927,0.644,0.0700630472021413,0.944,0.0102824121683582,0.98,0.00494808684726811
78,"S",20,0.7,"sparse","coord",1,0.05,0.172,0.0168769665520792,0.998,1.17284425990434e-05,0.79,0.018215378118502,1,0,0.196,0.017752971582245,0.212,0.044,0.392,0.0218328193323721,0.364,0.052,0.824,0.017030795636141,0.562,0.223559715260189,0.714,0.0202091068580479,0.642,0.0700630472021413,0.33,0.0210285520186246,0.442,0.00494808684726811
79,"S",20,0.7,"sparse","inter",1,0.05,0.194,0.0176841171676734,0.998,1.17284425990434e-05,0.834,0.0166399519230075,1,0,0.206,0.0180866801818355,0.22,0.044,0.452,0.0222574032627349,0.434,0.052,0.732,0.0198078772209442,0.412,0.223559715260189,0.586,0.0220274374360705,0.526,0.0700630472021413,0.812,0.0174731794473702,0.888,0.00494808684726811
81,"S",40,0.7,"sparse","index",1,0.1,0.784,0.0184034779321736,1,1.25149151571176e-06,0.998,0.00199799899899875,1,0,0.828,0.0168769665520792,0.82,0.052,0.948,0.00992935043192656,0.958,0.044,0.824,0.017030795636141,0.46,0.285991560804068,0.658,0.0212149004239945,0.574,0.0747263970032684,0.934,0.0111035129576184,0.968,0.00394616630045719
82,"S",40,0.7,"sparse","coord",1,0.1,0.162,0.016477621187538,1,1.25149151571176e-06,0.976,0.00684455988358638,1,0,0.206,0.0180866801818355,0.196,0.052,0.316,0.020791536739741,0.328,0.044,0.828,0.0168769665520792,0.46,0.285991560804068,0.63,0.0215916650585359,0.574,0.0747263970032684,0.29,0.0202928558857545,0.406,0.00394616630045719
83,"S",40,0.7,"sparse","inter",1,0.1,0.178,0.0171064899964896,1,1.25149151571176e-06,0.988,0.00486949689393063,1,0,0.22,0.0185256578830551,0.214,0.052,0.354,0.0213861637513604,0.384,0.044,0.638,0.0214921380974532,0.258,0.285991560804068,0.5,0.0223606797749979,0.432,0.0747263970032684,0.84,0.0163951212255354,0.92,0.00394616630045719
85,"S",100,0.7,"sparse","index",1,0.25,0.578,0.0220869192057199,1,6.51916614154397e-10,1,0,1,0,0.59,0.0219954540757858,0.686,0.024,0.808,0.0176145394489893,0.842,0.034,0.73,0.0198544705293292,0.304,0.312659804109141,0.524,0.0223349054173059,0.44,0.0782396686320858,0.906,0.0130509769749241,0.956,0.00521516852082249
86,"S",100,0.7,"sparse","coord",1,0.25,0.11,0.0139928553197694,1,6.51916614154397e-10,1,0,1,0,0.1,0.0134164078649987,0.192,0.024,0.226,0.0187042241218394,0.278,0.034,0.666,0.0210923682880799,0.22,0.312659804109141,0.496,0.0223599642217961,0.424,0.0782396686320858,0.264,0.0197131428240146,0.354,0.00521516852082249
87,"S",100,0.7,"sparse","inter",1,0.25,0.136,0.0153299706457645,1,6.51916614154397e-10,1,0,1,0,0.132,0.0151377673386798,0.2,0.024,0.214,0.0183414285157945,0.258,0.034,0.45,0.022248595461287,0.094,0.312659804109141,0.302,0.0205327056181108,0.238,0.0782396686320858,0.824,0.017030795636141,0.914,0.00521516852082249
89,"S",140,0.7,"sparse","index",1,0.35,0.438,0.0221881049213312,1,7.09218486583032e-12,1,0,1,0,0.448,0.0222394244529844,0.634,0.014,0.566,0.0221650174825106,0.754,0.014,0.688,0.02071984555927,0.222,0.328255718459241,0.462,0.0222960086114085,0.366,0.0784120011352466,0.928,0.0115599307956406,0.956,0.00455149250171727
90,"S",140,0.7,"sparse","coord",1,0.35,0.098,0.0132963152790538,1,7.09218486583032e-12,1,0,1,0,0.092,0.01292563344676,0.212,0.014,0.124,0.0147393351274744,0.25,0.014,0.658,0.0212149004239945,0.166,0.328255718459241,0.43,0.0221404606998138,0.326,0.0784120011352466,0.27,0.0198544705293292,0.382,0.00455149250171727
91,"S",140,0.7,"sparse","inter",1,0.35,0.112,0.014103616557465,1,7.09218486583032e-12,1,0,1,0,0.076,0.0118510759005248,0.194,0.014,0.098,0.0132963152790538,0.22,0.014,0.41,0.0219954540757858,0.054,0.328255718459241,0.272,0.0199005527561422,0.184,0.0784120011352466,0.85,0.0159687194226713,0.91,0.00455149250171727
93,"S",180,0.7,"sparse","index",1,0.45,0.346,0.021273645667821,1,1.2722572292226e-13,1,0,1,0,0.292,0.0203340109176719,0.482,0.012,0.358,0.0214399626865347,0.584,0.01,0.592,0.0219788989715136,0.134,0.325060139418113,0.37,0.0215916650585359,0.318,0.0694274102999668,0.892,0.0138806339912844,0.922,0.00626975779953165
94,"S",180,0.7,"sparse","coord",1,0.45,0.088,0.0126693330526907,1,1.2722572292226e-13,1,0,1,0,0.09,0.0127984374046209,0.212,0.012,0.068,0.0112584190719657,0.212,0.01,0.578,0.0220869192057199,0.118,0.325060139418113,0.354,0.0213861637513604,0.292,0.0694274102999668,0.282,0.0201234191925726,0.398,0.00626975779953165
95,"S",180,0.7,"sparse","inter",1,0.45,0.124,0.0147393351274744,1,1.2722572292226e-13,1,0,1,0,0.088,0.0126693330526907,0.196,0.012,0.082,0.0122699633251286,0.22,0.01,0.36,0.021466252583998,0.052,0.325060139418113,0.208,0.0181513635851415,0.148,0.0694274102999668,0.852,0.0158805541465026,0.922,0.00626975779953165
