"cell","rep","fp_y","fp_x","lambda","p_hl","p_edge_u","p_schl","p_scedge","p_grp5","p_grp1","p_pls","p_pls_alpha","p_pls_hmp","p_pls_beta","glm_conv","glm_maxcoef","gen_min","gen_max","t_ours","t_grp5","t_grp1","t_pls"
1,1,204,4.335100652,21.4036046148043,0.0484965031798645,4e-04,0.96,0.518,1,0.770776615381517,0.686245643219701,0.698099516792418,0.931945957825883,0.575376191360985,TRUE,1.32035926633346,0.0177496118727816,0.9881146093311,2.77,2.25,0.42,0.33
8,1,178,-5.9749202245,70.064083569804,0.0302706990064115,0.00035,0.992,0.748,0.639265752167981,0.145760596111325,0.256614260335315,0.114749052033346,0.515073775861873,0.25099010777433,TRUE,0.901470082319885,0.00784452186145515,0.983747977783415,4.54,2.71,0.470000000000001,0.32
15,1,224,-6.249029544,686.777397851213,9.57711461620849e-09,0,0.054,0.402,1,0.763866618663149,0.357277266551196,0.397591721231485,0.708327167725598,0.350981154407518,TRUE,1.86250604612078,0.0114156476337391,0.987434293088653,13.39,7.25,1.25,0.609999999999999
22,1,218,0.8404963362,554.292758427726,1.14297490417359e-09,0,0.74,0.992,0.466519689494363,0.929560479431999,5.85011098466204e-05,0.00294071274725904,5.85426626361827e-05,0.00310418999779372,TRUE,3.03988248995365,0.0222295259151366,0.994769512490215,23.62,5.16,0.990000000000002,5.31
29,1,207,1.591079182,872.088705909207,7.0702983990228e-11,0,0.018,0.002,0.55830547462594,0.0493215224685547,0.753040333428181,0.795990169961438,0.946342938423371,0.781397456402217,FALSE,75.3233205856672,0.00988490495448841,0.986148811963689,35.86,4.38,0.869999999999997,2.07
1,2,214,0.1470059873,77.6009267561279,0.0204553206746746,0.0025,0.504,0.84,1,0.453905657668379,0.664005663694334,0.683272343999409,0.923941607000263,0.704278153349438,TRUE,1.07771648234814,0.0429766594104179,0.976789167859729,2.72,2.31,0.440000000000001,0.33
8,2,195,2.8349982959,47.6367229273328,0.00575980230825009,2e-04,0.23,0.4,1,0.990452239499457,0.439643708721092,0.599642487900231,0.790487327597295,0.420707598894005,TRUE,1.29972271310798,0.0109719778494644,0.966770916666469,4.69,2.83,0.529999999999999,0.34
15,2,200,-3.2839873891,389.239107049554,3.11488952646334e-05,0,0.172,0.128,0.942705762852635,0.488613473869809,0.343938855526468,0.353368346224808,0.691885910276263,0.404800631208122,TRUE,1.25152851994895,0.0159534376799221,0.976371364696029,13.5,8.18,2.04,0.82
22,2,201,-2.7549140698,409.584701469528,3.35109732785196e-06,0,0.512,0.378,1,0.497542559315499,0.789641590057284,0.798066057623568,0.954627827809931,0.80025878787043,TRUE,2.09543953283767,0.0124496801547604,0.984904187678794,23.39,5.73,1.07,2.97
29,2,195,-0.7285900301,782.060716253029,2.31188767302002e-10,0,0.566,0.504,0.186260318549495,0.0499650263096426,0.729540700661164,0.739814095252484,0.943936936094885,0.756919847712301,FALSE,73.33034246624,0.0071365638041769,0.969807829628969,36.14,4.61,0.829999999999998,2.36
1,3,204,2.1310948854,19.206327876342,0.122536292020909,0.0064,0.718,0.554,0.735183194341641,0.150609348116657,0.036175586910397,0.026924671111707,0.0448290677066712,0.088862018477301,TRUE,1.09232860731516,0.00919930084612124,0.98687400809366,2.68,2.18,0.449999999999999,0.34
8,3,176,-0.1726683587,92.7906258290301,0.00180765001011975,1e-04,0.12,0.04,1,0.604147545284832,0.660991799801385,0.706810422625489,0.927593807702948,0.617291567348299,TRUE,1.13374133031925,0.00763778195530825,0.994839430673701,4.7,2.74,0.5,0.32
15,3,184,-7.5690857338,358.839255872999,8.68740847471485e-06,0,0.378,0.248,1,0.963860901655267,0.0485286530253966,0.0857825945379039,0.063835879524281,0.0513968558022131,TRUE,0.96976661781845,0.00385771712348182,0.989762813139422,14.42,7.89,1.41,0.800000000000001
22,3,189,-5.3582991975,1200.84395379678,3.11339995966709e-09,0,0.816,0.52,0.868670122077187,0.0345489241644832,0.292615367024312,0.0757583295083309,0.549556227491321,0.309534326551347,TRUE,2.18277003731398,0.0184344762246346,0.980224433936206,23.52,5.97,1.25,1.09
29,3,213,-5.5152931851,620.114971955532,1.62210349017017e-08,0,0.74,0.76,0.177453614115493,0.218741691989758,0.737502255349879,0.739838965371654,0.944569987742563,0.751944325094412,FALSE,106.383558322385,0.018423356710783,0.983222285468832,36.55,4.47,0.869999999999997,2.52
1,4,201,-5.2439894011,27.9646847998071,0.00012482095883212,0.00045,0.004,0.42,0.633042394538039,0.25472849654345,0.566754831290189,0.317008345427023,0.878314319362565,0.584975234882528,TRUE,0.928422165963086,0.0176655589759787,0.988537153438293,2.74,2.23,0.42,0.35
8,4,196,-3.1268373245,68.1845951550056,0.000665883884250058,0,0.102,0.046,1,0.351005286782824,0.626752604404326,0.648409581933436,0.913489919055144,0.639928552061446,TRUE,1.14420117730581,0.0249789893447489,0.984384886903488,4.62,2.73,0.52,0.340000000000002
15,4,184,-1.2917609802,483.89687600707,9.10497613459934e-07,0,0.126,0.042,1,0.941529938021317,0.000165196417531988,0.00119792379063055,0.000165499778522443,4.25422872709635e-05,TRUE,1.04622803759441,0.0235438653392826,0.965340409701141,13.39,10.33,1.42,0.559999999999999
22,4,194,-1.2755950358,509.895078370546,3.00787746954566e-09,0,0.098,0.83,0.786406215016477,0.866980250366774,0.313308144877729,0.278769763302612,0.614851665646077,0.426244602777806,TRUE,2.94334731932217,0.0267825104279031,0.992180783722082,23.16,5.06,0.839999999999996,5.1
29,4,206,0.1251796873,763.739051965222,7.70360148309517e-11,0,0.596,0.956,0.672092475089889,0.14974267822665,0.604879561988093,0.642181328213306,0.907950759246052,0.591077454404199,FALSE,85.4402718257487,0.0187379298065437,0.992093554356485,36.5,4.52999999999999,0.980000000000004,2.43
