"cell","panel","p","rho","signal","dep","a","n","exists","hl_mle","edge_mle","n_used"
1,"M",20,0.7,"dense","null",0,1000,1,0.043,0.064,1000
2,"M",20,0.7,"dense","index",0.5,500,1,0.218,0.372,500
3,"M",20,0.7,"dense","index",1,500,1,0.806,0.952,500
4,"M",20,0.7,"dense","coord",0.5,500,1,0.056,0.066,500
5,"M",20,0.7,"dense","coord",1,500,1,0.054,0.108,500
6,"M",20,0.7,"dense","inter",0.5,500,1,0.052,0.066,500
7,"M",20,0.7,"dense","inter",1,500,1,0.062,0.062,500
8,"M",40,0.7,"dense","null",0,1000,1,0.053,0.07,1000
9,"M",40,0.7,"dense","index",0.5,500,1,0.168,0.304,500
10,"M",40,0.7,"dense","index",1,500,1,0.604,0.81,500
11,"M",40,0.7,"dense","coord",0.5,500,1,0.044,0.068,500
12,"M",40,0.7,"dense","coord",1,500,1,0.07,0.088,500
13,"M",40,0.7,"dense","inter",0.5,500,1,0.058,0.066,500
14,"M",40,0.7,"dense","inter",1,500,1,0.048,0.072,500
15,"M",100,0.7,"dense","null",0,1000,0.996,0.171686746987952,0.232931726907631,996
16,"M",100,0.7,"dense","index",0.5,500,0.998,0.216432865731463,0.354709418837675,499
17,"M",100,0.7,"dense","index",1,500,1,0.332,0.544,500
18,"M",100,0.7,"dense","coord",0.5,500,0.998,0.148296593186373,0.232464929859719,499
19,"M",100,0.7,"dense","coord",1,500,0.996,0.120481927710843,0.20281124497992,498
20,"M",100,0.7,"dense","inter",0.5,500,0.996,0.156626506024096,0.230923694779116,498
21,"M",100,0.7,"dense","inter",1,500,0.998,0.17434869739479,0.256513026052104,499
22,"M",140,0.7,"dense","null",0,1000,0.37,0.410810810810811,0.5,370
23,"M",140,0.7,"dense","index",0.5,500,0.438,0.474885844748858,0.598173515981735,219
24,"M",140,0.7,"dense","index",1,500,0.734,0.476839237057221,0.591280653950954,367
25,"M",140,0.7,"dense","coord",0.5,500,0.42,0.4,0.447619047619048,210
26,"M",140,0.7,"dense","coord",1,500,0.56,0.428571428571429,0.535714285714286,280
27,"M",140,0.7,"dense","inter",0.5,500,0.39,0.487179487179487,0.584615384615385,195
28,"M",140,0.7,"dense","inter",1,500,0.43,0.353488372093023,0.488372093023256,215
29,"M",180,0.7,"dense","null",0,1000,0,NA,NA,NA
30,"M",180,0.7,"dense","index",0.5,500,0,NA,NA,NA
31,"M",180,0.7,"dense","index",1,500,0.006,0.333333333333333,0.333333333333333,3
32,"M",180,0.7,"dense","coord",0.5,500,0,NA,NA,NA
33,"M",180,0.7,"dense","coord",1,500,0,NA,NA,NA
34,"M",180,0.7,"dense","inter",0.5,500,0,NA,NA,NA
35,"M",180,0.7,"dense","inter",1,500,0,NA,NA,NA
36,"R",20,0.4,"dense","null",0,1000,1,0.045,0.056,1000
37,"R",20,0.4,"dense","index",1,500,1,0.824,0.948,500
38,"R",20,0.4,"dense","coord",1,500,1,0.058,0.096,500
39,"R",20,0.4,"dense","inter",1,500,1,0.06,0.068,500
40,"R",40,0.4,"dense","null",0,1000,1,0.044,0.071,1000
41,"R",40,0.4,"dense","index",1,500,1,0.618,0.83,500
42,"R",40,0.4,"dense","coord",1,500,1,0.044,0.082,500
43,"R",40,0.4,"dense","inter",1,500,1,0.062,0.048,500
44,"R",100,0.4,"dense","null",0,1000,0.995,0.166834170854271,0.247236180904523,995
45,"R",100,0.4,"dense","index",1,500,1,0.32,0.51,500
46,"R",100,0.4,"dense","coord",1,500,0.998,0.122244488977956,0.186372745490982,499
47,"R",100,0.4,"dense","inter",1,500,1,0.118,0.2,500
48,"R",140,0.4,"dense","null",0,1000,0.338,0.399408284023669,0.482248520710059,338
49,"R",140,0.4,"dense","index",1,500,0.756,0.492063492063492,0.576719576719577,378
50,"R",140,0.4,"dense","coord",1,500,0.57,0.4,0.491228070175439,285
51,"R",140,0.4,"dense","inter",1,500,0.566,0.378091872791519,0.45583038869258,283
52,"R",180,0.4,"dense","null",0,1000,0,NA,NA,NA
53,"R",180,0.4,"dense","index",1,500,0.012,0.666666666666667,1,6
54,"R",180,0.4,"dense","coord",1,500,0,NA,NA,NA
55,"R",180,0.4,"dense","inter",1,500,0,NA,NA,NA
56,"R",20,0.8,"dense","null",0,1000,1,0.051,0.065,1000
57,"R",20,0.8,"dense","index",1,500,1,0.842,0.964,500
58,"R",20,0.8,"dense","coord",1,500,1,0.052,0.112,500
59,"R",20,0.8,"dense","inter",1,500,1,0.046,0.082,500
60,"R",40,0.8,"dense","null",0,1000,1,0.049,0.062,1000
61,"R",40,0.8,"dense","index",1,500,1,0.628,0.854,500
62,"R",40,0.8,"dense","coord",1,500,1,0.06,0.092,500
63,"R",40,0.8,"dense","inter",1,500,1,0.034,0.068,500
64,"R",100,0.8,"dense","null",0,1000,0.992,0.16633064516129,0.238911290322581,992
65,"R",100,0.8,"dense","index",1,500,1,0.374,0.586,500
66,"R",100,0.8,"dense","coord",1,500,0.996,0.14859437751004,0.257028112449799,498
67,"R",100,0.8,"dense","inter",1,500,0.992,0.137096774193548,0.189516129032258,496
68,"R",140,0.8,"dense","null",0,1000,0.334,0.437125748502994,0.526946107784431,334
69,"R",140,0.8,"dense","index",1,500,0.768,0.458333333333333,0.5703125,384
70,"R",140,0.8,"dense","coord",1,500,0.554,0.357400722021661,0.454873646209386,277
71,"R",140,0.8,"dense","inter",1,500,0.438,0.378995433789954,0.493150684931507,219
72,"R",180,0.8,"dense","null",0,1000,0,NA,NA,NA
73,"R",180,0.8,"dense","index",1,500,0.01,0.4,0.4,5
74,"R",180,0.8,"dense","coord",1,500,0.004,0.5,0.5,2
75,"R",180,0.8,"dense","inter",1,500,0,NA,NA,NA
76,"S",20,0.7,"sparse","null",0,1000,1,0.054,0.05,1000
77,"S",20,0.7,"sparse","index",1,500,1,0.84,0.954,500
78,"S",20,0.7,"sparse","coord",1,500,1,0.158,0.296,500
79,"S",20,0.7,"sparse","inter",1,500,1,0.196,0.364,500
80,"S",40,0.7,"sparse","null",0,1000,1,0.061,0.091,1000
81,"S",40,0.7,"sparse","index",1,500,1,0.648,0.842,500
82,"S",40,0.7,"sparse","coord",1,500,1,0.12,0.242,500
83,"S",40,0.7,"sparse","inter",1,500,1,0.128,0.258,500
84,"S",100,0.7,"sparse","null",0,1000,0.997,0.16950852557673,0.264794383149448,997
85,"S",100,0.7,"sparse","index",1,500,1,0.32,0.51,500
86,"S",100,0.7,"sparse","coord",1,500,1,0.146,0.264,500
87,"S",100,0.7,"sparse","inter",1,500,1,0.114,0.248,500
88,"S",140,0.7,"sparse","null",0,1000,0.317,0.369085173501577,0.460567823343849,317
89,"S",140,0.7,"sparse","index",1,500,0.766,0.490861618798956,0.613577023498694,383
90,"S",140,0.7,"sparse","coord",1,500,0.718,0.392757660167131,0.515320334261838,359
91,"S",140,0.7,"sparse","inter",1,500,0.73,0.342465753424658,0.495890410958904,365
92,"S",180,0.7,"sparse","null",0,1000,0,NA,NA,NA
93,"S",180,0.7,"sparse","index",1,500,0.008,0.5,0.75,4
94,"S",180,0.7,"sparse","coord",1,500,0,NA,NA,NA
95,"S",180,0.7,"sparse","inter",1,500,0.004,0,1,2
