"cell","panel","rho","p","rep","ratio_tilde","ratio_hat"
1,"M",0.7,20,1,1.0885417126611,0.71756100202922
1,"M",0.7,20,2,0.801496516595758,0.471418324718904
1,"M",0.7,20,3,1.06588538577266,0.737386405462116
1,"M",0.7,20,4,0.971621316206767,0.60668675332017
1,"M",0.7,20,5,0.999116423442171,0.657835171506012
1,"M",0.7,20,6,1.04271927363003,0.679600196560802
1,"M",0.7,20,7,0.933390542420314,0.614562298613799
1,"M",0.7,20,8,0.944251795509153,0.574214972688789
1,"M",0.7,20,9,0.945640277798422,0.622272894627996
1,"M",0.7,20,10,1.08333888256954,0.7126508638377
1,"M",0.7,20,11,0.922413606235405,0.582209948175761
1,"M",0.7,20,12,0.902355194608787,0.568158341693926
1,"M",0.7,20,13,0.905048993186829,0.554920763836458
1,"M",0.7,20,14,0.736341762896605,0.404968825359623
1,"M",0.7,20,15,1.02574980477745,0.688340158741702
1,"M",0.7,20,16,0.963991320277973,0.644660017515993
1,"M",0.7,20,17,1.22051427929615,0.816272646352789
1,"M",0.7,20,18,1.01325566450018,0.642028132080886
1,"M",0.7,20,19,0.928569823003219,0.533479554201063
1,"M",0.7,20,20,1.01784023992771,0.659221390391528
1,"M",0.7,20,21,0.91889487281159,0.609553825582709
1,"M",0.7,20,22,0.97964176297603,0.611252732365225
1,"M",0.7,20,23,0.915750833900059,0.601073670081442
1,"M",0.7,20,24,0.860516980050754,0.531199208576578
1,"M",0.7,20,25,0.976788754335378,0.620324314747443
1,"M",0.7,20,26,1.06083883175296,0.750818013047171
1,"M",0.7,20,27,0.828527611816541,0.498184369752335
1,"M",0.7,20,28,1.16309750394028,0.789577607446031
1,"M",0.7,20,29,1.00321542533886,0.654930867904355
1,"M",0.7,20,30,1.05058943277769,0.694582702201914
1,"M",0.7,20,31,0.930532711082516,0.620347099048645
1,"M",0.7,20,32,0.944664191950484,0.597764408520523
1,"M",0.7,20,33,0.885115754512572,0.577166022891484
1,"M",0.7,20,34,0.970676144439847,0.590440664140666
1,"M",0.7,20,35,0.888711623108554,0.592788883355354
1,"M",0.7,20,36,0.961047900561753,0.638823786804068
1,"M",0.7,20,37,1.06306287367002,0.675830349191196
1,"M",0.7,20,38,0.865934271282574,0.577863418026219
1,"M",0.7,20,39,0.830670336633874,0.530761864668942
1,"M",0.7,20,40,0.967371996006634,0.604938788621895
15,"M",0.7,100,1,0.98115456361208,0.249039626060696
15,"M",0.7,100,2,0.991676170059187,0.376963561093964
15,"M",0.7,100,3,1.04683420263141,0.396004959529757
15,"M",0.7,100,4,0.969647467224043,0.290583516235642
15,"M",0.7,100,5,1.0117850734612,0.370172674723325
15,"M",0.7,100,6,1.02671098298127,0.379623439193839
15,"M",0.7,100,7,0.95332663860333,0.224975654266998
15,"M",0.7,100,8,0.985824556850931,0.307321699706626
15,"M",0.7,100,9,0.935294290678867,0.29874863457592
15,"M",0.7,100,10,1.07672597308806,0.443612170269266
15,"M",0.7,100,11,0.965858583495254,0.283899240445877
15,"M",0.7,100,12,0.958268560038134,0.243768536353075
15,"M",0.7,100,13,1.02425686481742,0.39337828195383
15,"M",0.7,100,14,0.919118215236083,0.218245857260255
15,"M",0.7,100,15,1.03691865667149,0.370122090713738
15,"M",0.7,100,16,0.951706785588394,0.324211916552491
15,"M",0.7,100,17,1.12167348717253,0.500361250164488
15,"M",0.7,100,18,0.926032421294339,0.27045514427322
15,"M",0.7,100,19,0.974320116947162,0.340109581657514
15,"M",0.7,100,20,0.962615100531199,0.298659776856253
15,"M",0.7,100,21,1.05329611301522,0.419312972897075
15,"M",0.7,100,22,1.10145261823545,0.476518694357318
15,"M",0.7,100,23,1.06139077292251,0.468229400770735
15,"M",0.7,100,24,1.11341645991939,0.430232734362836
15,"M",0.7,100,25,0.987467505138897,0.257032719837613
15,"M",0.7,100,26,1.0230045319016,0.40806508862336
15,"M",0.7,100,27,0.964555001405395,0.284993562954587
15,"M",0.7,100,28,0.970071682191202,0.328477490517986
15,"M",0.7,100,29,1.1703399107583,0.549131127954977
15,"M",0.7,100,30,0.952343408429462,0.308536197303804
15,"M",0.7,100,31,0.982468077924033,0.288064499194105
15,"M",0.7,100,32,0.878253819555614,0.166263874417829
15,"M",0.7,100,33,1.08093992358472,0.442397886475732
15,"M",0.7,100,34,0.893705114011603,0.162866925374193
15,"M",0.7,100,35,1.0025111629126,0.424758600344489
15,"M",0.7,100,36,1.03969282581541,0.418402731604617
15,"M",0.7,100,37,0.975083084837081,0.304681929858953
15,"M",0.7,100,38,1.00026336544466,0.3427925598361
15,"M",0.7,100,39,1.00831650843522,0.348479634262735
15,"M",0.7,100,40,0.921249336406566,0.229073435458563
22,"M",0.7,140,1,1.07665086244815,0.323403944311516
22,"M",0.7,140,2,1.06229349255024,0.367157369425191
22,"M",0.7,140,3,0.952664941577736,0.187269527906626
22,"M",0.7,140,4,1.0671953992453,0.322190403575782
22,"M",0.7,140,5,1.01345630153802,0.208563550846743
22,"M",0.7,140,6,1.10256542241465,0.397855431277848
22,"M",0.7,140,7,1.00898269721985,0.186038502635999
22,"M",0.7,140,8,1.05539443266192,0.276814230337671
22,"M",0.7,140,9,1.08591599610187,0.357293669681133
22,"M",0.7,140,10,1.13149611947155,0.396999336441485
22,"M",0.7,140,11,1.09515445507396,0.335221786687633
22,"M",0.7,140,12,0.97946671963886,0.229130369713555
22,"M",0.7,140,13,1.02193388252443,0.229172662310694
22,"M",0.7,140,14,0.996311212735618,0.228373075548294
22,"M",0.7,140,15,1.09308012086,0.42328469080827
22,"M",0.7,140,16,1.19367230519948,0.498272469011176
22,"M",0.7,140,17,1.04625218868266,0.277775677979839
22,"M",0.7,140,18,0.986279498647475,0.0970143122796256
22,"M",0.7,140,19,1.04179102083482,0.251982272503338
22,"M",0.7,140,20,0.987231786379415,0.216327894930976
22,"M",0.7,140,21,0.951100030471647,0.133731354757379
22,"M",0.7,140,22,1.07632160403765,0.345726039787405
22,"M",0.7,140,23,0.980158910929602,0.247801359251527
22,"M",0.7,140,24,1.05041448476004,0.289859135477913
22,"M",0.7,140,25,1.00341202752421,0.227102243732721
22,"M",0.7,140,26,0.95556123230172,0.111329845096521
22,"M",0.7,140,27,1.12523147178632,0.378624540790437
22,"M",0.7,140,28,1.01692058519884,0.317077838580231
22,"M",0.7,140,29,1.02215579580408,0.232469931936401
22,"M",0.7,140,30,1.01868743054535,0.259916668212775
22,"M",0.7,140,31,1.01575161813471,0.248091376939573
22,"M",0.7,140,32,1.19834165995663,0.506255124117125
22,"M",0.7,140,33,1.0227571189502,0.299995548065761
22,"M",0.7,140,34,1.15445776207456,0.451861472011588
22,"M",0.7,140,35,1.13822663554966,0.418814338399486
22,"M",0.7,140,36,1.00006414507169,0.221347039746456
22,"M",0.7,140,37,1.25839958241534,0.534197530601985
22,"M",0.7,140,38,1.06691034612368,0.269635711470022
22,"M",0.7,140,39,1.04376289111533,0.295429658069662
22,"M",0.7,140,40,0.981853822881371,0.141131863176618
29,"M",0.7,180,1,1.10054856439556,0.258542949131348
29,"M",0.7,180,2,1.0991284295508,0.234063613822052
29,"M",0.7,180,3,1.11841292091675,0.290222556933257
29,"M",0.7,180,4,1.09879086592494,0.257009583908306
29,"M",0.7,180,5,1.13284892569408,0.339101605827388
29,"M",0.7,180,6,1.06942153245292,0.271045093539138
29,"M",0.7,180,7,1.05561695140777,0.219587674995963
29,"M",0.7,180,8,1.06271895333175,0.192551884540132
29,"M",0.7,180,9,1.06963554564869,0.256630792351327
29,"M",0.7,180,10,1.06420076009996,0.114609736260151
29,"M",0.7,180,11,1.10297045890046,0.306007562233211
29,"M",0.7,180,12,1.15443353714075,0.36351804348249
29,"M",0.7,180,13,1.02023410362898,0.118202999848112
29,"M",0.7,180,14,1.11209866622841,0.258327661480713
29,"M",0.7,180,15,1.11674774717575,0.201360512383328
29,"M",0.7,180,16,1.1058629946712,0.187794634135985
29,"M",0.7,180,17,1.09652967638567,0.244997012196358
29,"M",0.7,180,18,1.09273929067723,0.220078465270723
29,"M",0.7,180,19,1.13651863181744,0.315661075447161
29,"M",0.7,180,20,1.0435126536484,0.15221707320445
29,"M",0.7,180,21,1.09489937190135,0.219005934343969
29,"M",0.7,180,22,1.05080682800773,0.182064690860424
29,"M",0.7,180,23,1.09700312377247,0.29261216930295
29,"M",0.7,180,24,1.14189009003035,0.350181691374111
29,"M",0.7,180,25,1.07869582423299,0.209363594579843
29,"M",0.7,180,26,1.13280962876517,0.292432858601541
29,"M",0.7,180,27,1.03549559752114,0.14205126471867
29,"M",0.7,180,28,1.12015467389468,0.28003740728796
29,"M",0.7,180,29,1.05868759362243,0.178395818924696
29,"M",0.7,180,30,1.14965446344602,0.331251396469585
29,"M",0.7,180,31,1.07736504437915,0.27945277188125
29,"M",0.7,180,32,1.07602369282037,0.261672665476074
29,"M",0.7,180,33,1.09166879931038,0.248218298792933
29,"M",0.7,180,34,1.08563282837476,0.203984413558224
29,"M",0.7,180,35,1.16485739207574,0.317419610201406
29,"M",0.7,180,36,1.13705324744562,0.324124858739804
29,"M",0.7,180,37,1.1499513735304,0.345178756871411
29,"M",0.7,180,38,1.17469013184079,0.365586337907238
29,"M",0.7,180,39,1.13986825767315,0.336985332629088
29,"M",0.7,180,40,1.00130388472431,0.145512579224493
44,"R",0.4,100,1,0.969847599194374,0.248902306553836
44,"R",0.4,100,2,0.974737073992818,0.247666488824994
44,"R",0.4,100,3,1.18252694568556,0.507416684452051
44,"R",0.4,100,4,0.864886435919826,0.0916280302767331
44,"R",0.4,100,5,0.913767476648391,0.214124610954117
44,"R",0.4,100,6,0.832613165842941,0.0506423270338037
44,"R",0.4,100,7,0.973241129346888,0.283432021975663
44,"R",0.4,100,8,1.00066907168252,0.306536521399111
44,"R",0.4,100,9,0.984945782103257,0.312753743805763
44,"R",0.4,100,10,1.06863640572035,0.417152287402498
44,"R",0.4,100,11,1.08820668888218,0.399148813781562
44,"R",0.4,100,12,0.95577545235529,0.230786332835446
44,"R",0.4,100,13,0.907533141687804,0.232200267230683
44,"R",0.4,100,14,0.883127723791657,0.139305902010424
44,"R",0.4,100,15,1.12576335516787,0.457453291738852
44,"R",0.4,100,16,0.983535986451964,0.309368405055377
44,"R",0.4,100,17,1.09830857497244,0.452189759151591
44,"R",0.4,100,18,1.03971256832936,0.362731251160938
44,"R",0.4,100,19,1.06189258043399,0.388110998264557
44,"R",0.4,100,20,1.09755922523599,0.442265470099459
44,"R",0.4,100,21,0.88329484112505,0.123943178395941
44,"R",0.4,100,22,0.835093792800598,0.0626427066534495
44,"R",0.4,100,23,0.939137294011805,0.173070021281774
44,"R",0.4,100,24,1.10130365066078,0.436081526582881
44,"R",0.4,100,25,1.26956538857314,0.598487664875254
44,"R",0.4,100,26,0.975182563961424,0.338068364864048
44,"R",0.4,100,27,0.971561256010186,0.336521298927264
44,"R",0.4,100,28,0.971687641014742,0.261063224720236
44,"R",0.4,100,29,0.897681873217071,0.218190424687515
44,"R",0.4,100,30,0.873341724280186,0.103704001488752
44,"R",0.4,100,31,0.970017444543188,0.309563890113767
44,"R",0.4,100,32,1.04319874124062,0.331009572101275
44,"R",0.4,100,33,0.957170848843648,0.278386543843717
44,"R",0.4,100,34,1.01223000935564,0.349250210980227
44,"R",0.4,100,35,1.05546223153119,0.372112214922075
44,"R",0.4,100,36,0.889093852813891,0.194754307049757
44,"R",0.4,100,37,1.09993574264582,0.472233450703544
44,"R",0.4,100,38,0.820848441955183,0.0794639299899745
44,"R",0.4,100,39,1.11484193522651,0.462008424142437
44,"R",0.4,100,40,0.913205088903979,0.228155378003131
52,"R",0.4,180,1,1.06725964702429,0.189758100821529
52,"R",0.4,180,2,1.03234876177983,0.159052062159482
52,"R",0.4,180,3,1.09234823483041,0.227017604617512
52,"R",0.4,180,4,1.02297642432937,0.13462581516333
52,"R",0.4,180,5,1.11559252845931,0.251984611473703
52,"R",0.4,180,6,0.997909198303141,0.0200680328128752
52,"R",0.4,180,7,0.998520975006421,0.106773044228698
52,"R",0.4,180,8,1.0359879821524,0.137123150795302
52,"R",0.4,180,9,1.15670305122537,0.31697061283824
52,"R",0.4,180,10,1.14142583833363,0.311532539262382
52,"R",0.4,180,11,1.05812984624278,0.16722156889701
52,"R",0.4,180,12,1.09493948469017,0.254555746963308
52,"R",0.4,180,13,1.09410315188175,0.201785572425236
52,"R",0.4,180,14,1.2063764969336,0.404703282403017
52,"R",0.4,180,15,1.11485356511062,0.247701532469667
52,"R",0.4,180,16,1.13942238895753,0.351401858926686
52,"R",0.4,180,17,1.01711632841983,0.00407692981785404
52,"R",0.4,180,18,1.14038895670654,0.2998586116482
52,"R",0.4,180,19,1.10896355525216,0.222235680354814
52,"R",0.4,180,20,1.01309682009158,0.102112725803596
52,"R",0.4,180,21,0.983409310790123,0.050815704320068
52,"R",0.4,180,22,1.14752771014365,0.329888828119158
52,"R",0.4,180,23,1.36800082737489,0.547242597974188
52,"R",0.4,180,24,1.07307578145057,0.243212073200243
52,"R",0.4,180,25,1.04192403957295,0.113685061627804
52,"R",0.4,180,26,1.04397637014924,0.0659232449082963
52,"R",0.4,180,27,1.06071744002002,0.188982173612753
52,"R",0.4,180,28,1.14871095544873,0.309862317202697
52,"R",0.4,180,29,1.16192938101847,0.350696059064338
52,"R",0.4,180,30,1.18877680046409,0.333735635558848
52,"R",0.4,180,31,1.14269961364899,0.28422244139016
52,"R",0.4,180,32,1.14694516224586,0.305823214663825
52,"R",0.4,180,33,1.06437971085621,0.155452853408994
52,"R",0.4,180,34,1.02955488030009,0.153825933888194
52,"R",0.4,180,35,1.1493102687272,0.274327364724639
52,"R",0.4,180,36,1.07460766979795,0.218866094788057
52,"R",0.4,180,37,1.12979144950006,0.31267291717595
52,"R",0.4,180,38,1.07053840047346,0.193429668938165
52,"R",0.4,180,39,1.03631305884789,0.104852500590416
52,"R",0.4,180,40,1.07618688059828,0.157298907474078
64,"R",0.8,100,1,1.02805977147771,0.39300037276341
64,"R",0.8,100,2,1.06277151591728,0.404649406437324
64,"R",0.8,100,3,0.972832499304281,0.351532229470142
64,"R",0.8,100,4,0.953058905284899,0.358012570937963
64,"R",0.8,100,5,1.04631873213673,0.431315834208252
64,"R",0.8,100,6,1.0072603220133,0.357056389447716
64,"R",0.8,100,7,0.990624500543977,0.362312763489469
64,"R",0.8,100,8,0.96100512261969,0.280099180901772
64,"R",0.8,100,9,1.01555683973428,0.425764742329782
64,"R",0.8,100,10,1.05956698355454,0.450176255221197
64,"R",0.8,100,11,0.982565726960183,0.282880118249045
64,"R",0.8,100,12,0.968291619767663,0.262044008054054
64,"R",0.8,100,13,0.933108645724821,0.215581609177088
64,"R",0.8,100,14,1.0299269064315,0.399742995455621
64,"R",0.8,100,15,0.941884369382547,0.34804556405759
64,"R",0.8,100,16,0.99671716445327,0.406640423305725
64,"R",0.8,100,17,0.927861835947958,0.237995118988553
64,"R",0.8,100,18,0.969742285686963,0.378702399933773
64,"R",0.8,100,19,1.02884099144106,0.395843278703625
64,"R",0.8,100,20,0.909392305168439,0.310641471548453
64,"R",0.8,100,21,1.16223870149349,0.548879524099927
64,"R",0.8,100,22,1.0590661977609,0.424858767933336
64,"R",0.8,100,23,0.817749749970843,0.226211792270529
64,"R",0.8,100,24,1.20933834326174,0.584466249246216
64,"R",0.8,100,25,1.05978259749977,0.396629424105718
64,"R",0.8,100,26,1.07630578131276,0.465874058232019
64,"R",0.8,100,27,0.878861263650383,0.277743967021549
64,"R",0.8,100,28,0.990395271388644,0.383428694187311
64,"R",0.8,100,29,0.957408883504946,0.322313295901144
64,"R",0.8,100,30,1.04798170726976,0.370478448451984
64,"R",0.8,100,31,0.980226558451088,0.374025880166224
64,"R",0.8,100,32,1.01823288705195,0.41214891779176
64,"R",0.8,100,33,0.993854886366232,0.384228758247671
64,"R",0.8,100,34,1.00262819446307,0.373269386106525
64,"R",0.8,100,35,0.963782279727982,0.345384943553068
64,"R",0.8,100,36,0.965736959580959,0.254468028912305
64,"R",0.8,100,37,1.08680749338289,0.479505249025047
64,"R",0.8,100,38,0.958020171028661,0.335125840141933
64,"R",0.8,100,39,0.936804461595148,0.321499181656392
64,"R",0.8,100,40,1.06079198294925,0.462592996619438
72,"R",0.8,180,1,1.127050142881,0.317424932917169
72,"R",0.8,180,2,1.0431081969167,0.20696225123316
72,"R",0.8,180,3,1.11995490912734,0.331047519007654
72,"R",0.8,180,4,1.12697961337402,0.352531842938087
72,"R",0.8,180,5,1.1437372852479,0.349498614191767
72,"R",0.8,180,6,1.14255469825716,0.395457518598497
72,"R",0.8,180,7,1.07527203107179,0.23312816336086
72,"R",0.8,180,8,1.06812644102979,0.259937674603671
72,"R",0.8,180,9,1.18947153517439,0.444059535691992
72,"R",0.8,180,10,1.2538082321675,0.494510525450144
72,"R",0.8,180,11,1.12663860278893,0.310121467974161
72,"R",0.8,180,12,1.22278501018251,0.471340133840314
72,"R",0.8,180,13,1.10926525904251,0.335949176655624
72,"R",0.8,180,14,1.16252451531547,0.361672825757207
72,"R",0.8,180,15,1.21304826727339,0.447881512228173
72,"R",0.8,180,16,1.18986470387962,0.42992236711023
72,"R",0.8,180,17,1.39764994878943,0.655961739472241
72,"R",0.8,180,18,1.23967372924449,0.491595599945371
72,"R",0.8,180,19,1.11300860850491,0.29688793980513
72,"R",0.8,180,20,1.10636764058517,0.272840394410024
72,"R",0.8,180,21,1.1803145824623,0.328796177949842
72,"R",0.8,180,22,1.06357122617735,0.250039390519005
72,"R",0.8,180,23,1.1432742425887,0.342546178263876
72,"R",0.8,180,24,1.14366589699438,0.3248125767766
72,"R",0.8,180,25,1.1137914072104,0.326555782542464
72,"R",0.8,180,26,1.09618502899048,0.289679146665236
72,"R",0.8,180,27,1.02589182378343,0.231335703028875
72,"R",0.8,180,28,1.12256415027908,0.340460965852583
72,"R",0.8,180,29,1.0624039615757,0.261532595930853
72,"R",0.8,180,30,1.15715586279245,0.419512782917216
72,"R",0.8,180,31,1.11642606074785,0.331344696431556
72,"R",0.8,180,32,1.08108243070992,0.298556995356795
72,"R",0.8,180,33,1.13528307896969,0.318962462643379
72,"R",0.8,180,34,1.11968396088536,0.383179223676032
72,"R",0.8,180,35,1.1314545075811,0.360956648725884
72,"R",0.8,180,36,1.17701549436753,0.380170140436107
72,"R",0.8,180,37,1.28295869680668,0.538331125552002
72,"R",0.8,180,38,1.11582638517527,0.317118828296783
72,"R",0.8,180,39,1.19556479415862,0.418752543151609
72,"R",0.8,180,40,1.19420654733091,0.427545987481413
84,"S",0.7,100,1,0.895907438184011,0.255301854968645
84,"S",0.7,100,2,1.13710195866991,0.489030338585025
84,"S",0.7,100,3,0.987062935553194,0.34638206093666
84,"S",0.7,100,4,1.09290609881894,0.44248002571681
84,"S",0.7,100,5,0.965846392282541,0.369056201152158
84,"S",0.7,100,6,1.05540651094629,0.424593277430424
84,"S",0.7,100,7,1.05961432997788,0.452586699042279
84,"S",0.7,100,8,1.09729935388421,0.46951226344411
84,"S",0.7,100,9,1.1096179397287,0.518678170101147
84,"S",0.7,100,10,1.37538795724668,0.716656502967393
84,"S",0.7,100,11,0.951750747927835,0.388561375047798
84,"S",0.7,100,12,1.04165954388806,0.431955041615099
84,"S",0.7,100,13,1.16863408005215,0.54045741898735
84,"S",0.7,100,14,1.29126411377731,0.667794816706038
84,"S",0.7,100,15,1.34018742675373,0.689516570083084
84,"S",0.7,100,16,1.16087016752051,0.54530354508211
84,"S",0.7,100,17,1.21562826645363,0.624408009659985
84,"S",0.7,100,18,1.04185235936613,0.468853961755367
84,"S",0.7,100,19,0.963355043988659,0.398899191081341
84,"S",0.7,100,20,1.16079153547761,0.538568292897013
84,"S",0.7,100,21,0.906694711849908,0.287067221251627
84,"S",0.7,100,22,1.1055709472129,0.473285399804741
84,"S",0.7,100,23,1.12532741492399,0.548419969552053
84,"S",0.7,100,24,1.30060103351261,0.664145649666241
84,"S",0.7,100,25,1.07419995425334,0.494652377310882
84,"S",0.7,100,26,0.971009722415001,0.374036149651856
84,"S",0.7,100,27,1.1617961974334,0.523134434126426
84,"S",0.7,100,28,1.0915600636439,0.513835195504207
84,"S",0.7,100,29,1.10701314391649,0.487377523419497
84,"S",0.7,100,30,0.948565624874404,0.372210030400729
84,"S",0.7,100,31,1.08517478150286,0.456740561996452
84,"S",0.7,100,32,1.09376452558823,0.47431209596856
84,"S",0.7,100,33,1.18717668699703,0.542321033482897
84,"S",0.7,100,34,0.999568405910967,0.408602077061012
84,"S",0.7,100,35,0.931528180560371,0.267966986245029
84,"S",0.7,100,36,1.05416804620447,0.456497124208472
84,"S",0.7,100,37,1.05980835273676,0.441800920049499
84,"S",0.7,100,38,1.0659016319177,0.485290836813425
84,"S",0.7,100,39,0.915724189962675,0.326573126435226
84,"S",0.7,100,40,1.04671080208661,0.458806658937815
88,"S",0.7,140,1,1.30623892514357,0.586081342373785
88,"S",0.7,140,2,1.0332602139942,0.36735940033527
88,"S",0.7,140,3,1.17026832771899,0.478934790281268
88,"S",0.7,140,4,1.03409365639751,0.355402159684765
88,"S",0.7,140,5,1.45631636735248,0.726324314708422
88,"S",0.7,140,6,1.05092642084327,0.363804033182386
88,"S",0.7,140,7,1.02170945426634,0.314908019809824
88,"S",0.7,140,8,0.98157961224976,0.316849693231474
88,"S",0.7,140,9,1.09965767318491,0.438864436116912
88,"S",0.7,140,10,1.02445261884471,0.36129046330335
88,"S",0.7,140,11,1.15960921197351,0.474842336751084
88,"S",0.7,140,12,1.05187706680125,0.367293563315775
88,"S",0.7,140,13,1.17980447811535,0.501385586928539
88,"S",0.7,140,14,1.10858179731705,0.363006609613752
88,"S",0.7,140,15,1.09245573136103,0.423202785215352
88,"S",0.7,140,16,1.28474455743332,0.596038855769206
88,"S",0.7,140,17,1.245785796799,0.548373298416781
88,"S",0.7,140,18,1.09048391051307,0.413980420614722
88,"S",0.7,140,19,1.11416456661443,0.450320305138412
88,"S",0.7,140,20,1.26145020413469,0.566244168467705
88,"S",0.7,140,21,1.06982540080894,0.384014159825762
88,"S",0.7,140,22,1.13896950167251,0.477106508212455
88,"S",0.7,140,23,1.1547880985976,0.361242891490442
88,"S",0.7,140,24,1.30024183767332,0.613041599284958
88,"S",0.7,140,25,1.17416478501023,0.454303692614245
88,"S",0.7,140,26,1.27930985276903,0.573885905073746
88,"S",0.7,140,27,1.07280239121165,0.386785466929469
88,"S",0.7,140,28,1.06959332208064,0.369404606192558
88,"S",0.7,140,29,1.08279780555517,0.437178039840875
88,"S",0.7,140,30,0.982776026981691,0.322590539295343
88,"S",0.7,140,31,1.23788886238604,0.551708923553908
88,"S",0.7,140,32,1.08135201026966,0.40172766512414
88,"S",0.7,140,33,1.0757080942401,0.350381479037509
88,"S",0.7,140,34,1.11360368520042,0.436298099953303
88,"S",0.7,140,35,1.28080043828828,0.575010380193524
88,"S",0.7,140,36,1.10127084235449,0.422451706815794
88,"S",0.7,140,37,1.28496565033785,0.593436406928652
88,"S",0.7,140,38,1.09151346939839,0.364656871521012
88,"S",0.7,140,39,1.38498683899753,0.652756900506436
88,"S",0.7,140,40,1.0573578929436,0.352738134069019
92,"S",0.7,180,1,1.21216709744485,0.455254978014952
92,"S",0.7,180,2,1.33702714987516,0.560389151229939
92,"S",0.7,180,3,1.28415995902268,0.53316948944354
92,"S",0.7,180,4,1.12379699808573,0.348581229610029
92,"S",0.7,180,5,1.18478875078892,0.461308957709617
92,"S",0.7,180,6,1.27014766159735,0.502662360355002
92,"S",0.7,180,7,1.2100096514865,0.445395373881779
92,"S",0.7,180,8,1.12635284941726,0.353185428628875
92,"S",0.7,180,9,1.12043265149869,0.402370631966371
92,"S",0.7,180,10,1.19890224482048,0.411753277710711
92,"S",0.7,180,11,1.22412741753461,0.444991988081869
92,"S",0.7,180,12,1.22202957746188,0.495980074950416
92,"S",0.7,180,13,1.24551248748088,0.486188961626604
92,"S",0.7,180,14,1.14381900483666,0.383821624154167
92,"S",0.7,180,15,1.13650781912828,0.390593498784733
92,"S",0.7,180,16,1.34861139095178,0.610419348579843
92,"S",0.7,180,17,1.29349954266086,0.530622267839718
92,"S",0.7,180,18,1.20694585241827,0.44272205855211
92,"S",0.7,180,19,1.0842665192238,0.329604254408127
92,"S",0.7,180,20,1.2204355028775,0.445101695966241
92,"S",0.7,180,21,1.13609037795088,0.37534574363751
92,"S",0.7,180,22,1.28604483941736,0.562224890176231
92,"S",0.7,180,23,1.16884353835325,0.409023863083697
92,"S",0.7,180,24,1.3528604689409,0.621580632461601
92,"S",0.7,180,25,1.24991787555229,0.497887762805921
92,"S",0.7,180,26,1.10358898947033,0.290474543418369
92,"S",0.7,180,27,1.065593639486,0.295386095796873
92,"S",0.7,180,28,1.50073679069156,0.734773924489121
92,"S",0.7,180,29,1.24956365777814,0.520043487111738
92,"S",0.7,180,30,1.07511851687758,0.261961602352175
92,"S",0.7,180,31,1.10739430812094,0.356124643397497
92,"S",0.7,180,32,1.16324759472431,0.419804135543101
92,"S",0.7,180,33,1.12705601111367,0.41475198247293
92,"S",0.7,180,34,1.1349507884948,0.414908869234493
92,"S",0.7,180,35,1.24442367306952,0.50039417316482
92,"S",0.7,180,36,1.26821455889725,0.515444480140046
92,"S",0.7,180,37,1.14900805096984,0.383461212927478
92,"S",0.7,180,38,1.273573895252,0.535643089476942
92,"S",0.7,180,39,1.2354544682922,0.475891712194056
92,"S",0.7,180,40,1.22994602710451,0.469253547611103
