"cell","rep","fp_y","p_tilde_oracle","p_ridge_oracle"
15,1,224,0.05,0.185
92,1,210,0.055,0.14
209,1,100,0.635,0.9
15,2,200,0.155,0.28
92,2,212,0.405,0.53
209,2,100,0.43,0.925
15,3,184,0.39,0.54
92,3,203,0.18,0.285
209,3,101,0.005,0.09
15,4,184,0.115,0.315
92,4,204,0.295,0.49
209,4,99,0.64,0.8
15,5,194,0.705,0.775
92,5,200,0.155,0.295
209,5,104,0.37,0.695
15,6,209,0.52,0.575
92,6,187,0.565,0.695
209,6,94,0.07,0.28
15,7,183,0.625,0.85
92,7,177,0.035,0.105
209,7,98,0.655,0.99
15,8,212,0.175,0.36
92,8,195,0.07,0.14
209,8,88,0.49,0.95
15,9,201,0.42,0.655
92,9,202,0.12,0.315
209,9,92,0.07,0.67
15,10,215,0.47,0.555
92,10,198,0.27,0.41
209,10,109,0.7,0.855
15,11,192,0.27,0.435
92,11,207,0.125,0.265
209,11,83,0.285,0.92
15,12,196,0.375,0.625
92,12,202,0.61,0.77
209,12,102,0.05,0.63
15,13,196,0.425,0.5
92,13,206,0.885,0.93
209,13,95,0.51,0.815
15,14,187,0.04,0.08
92,14,194,0.92,0.99
209,14,89,0.19,0.895
15,15,203,0.42,0.6
92,15,190,0.34,0.47
209,15,97,0.74,0.96
15,16,178,0.065,0.16
92,16,204,0.61,0.755
209,16,92,0.04,0.27
15,17,208,0.72,0.72
92,17,194,0.17,0.18
209,17,97,0.1,0.38
15,18,208,0.2,0.345
92,18,198,0.505,0.73
209,18,78,0.095,0.645
15,19,192,0.855,0.915
92,19,207,0.385,0.66
209,19,106,0.39,0.785
15,20,202,0.15,0.305
92,20,190,0.1,0.255
209,20,95,0.785,0.995
15,21,184,0.545,0.725
92,21,203,0.585,0.795
209,21,115,0.075,0.15
15,22,189,0.385,0.52
92,22,182,0.03,0.045
209,22,92,0.375,0.85
15,23,205,0.45,0.45
92,23,222,0.175,0.27
209,23,102,0.205,0.66
15,24,190,0.73,0.89
92,24,196,0.385,0.505
209,24,95,0.04,0.43
15,25,198,0.695,0.845
92,25,210,0.035,0.105
209,25,92,0.56,0.655
15,26,192,0.965,0.95
92,26,204,0.09,0.24
209,26,88,0.595,1
15,27,197,0.55,0.73
92,27,203,0.155,0.295
209,27,94,0.99,1
15,28,208,0.315,0.52
92,28,203,0.875,0.94
209,28,99,0.4,0.705
15,29,208,0.295,0.44
92,29,203,0.275,0.465
209,29,117,0.805,0.975
15,30,189,0.775,0.855
92,30,193,0.03,0.07
209,30,113,0.165,0.335
15,31,201,0.905,0.94
92,31,197,0.19,0.36
209,31,101,0.025,0.135
15,32,187,0.205,0.4
92,32,200,0.49,0.59
209,32,113,0.34,0.735
15,33,194,0.935,0.95
92,33,198,0.085,0.185
209,33,96,0.335,0.9
15,34,205,0.41,0.64
92,34,203,0.155,0.285
209,34,92,0.515,0.885
15,35,212,0.655,0.715
92,35,214,0.485,0.605
209,35,82,0.525,0.925
15,36,208,0.975,0.99
92,36,200,0.025,0.05
209,36,92,0.04,0.395
15,37,186,0.315,0.355
92,37,192,0.08,0.18
209,37,105,0.82,0.975
15,38,199,0.87,0.945
92,38,205,0.025,0.1
209,38,105,0.46,0.775
15,39,214,0.565,0.745
92,39,200,0.47,0.655
209,39,99,0.05,0.145
15,40,206,0.8,0.9
92,40,197,0.1,0.25
209,40,107,0.295,0.67
15,41,201,0.95,0.98
92,41,203,0.77,0.9
209,41,96,0.115,0.355
15,42,207,0.35,0.34
92,42,201,0.245,0.415
209,42,93,0.75,1
15,43,206,0.54,0.585
92,43,210,0.79,0.925
209,43,93,0.23,0.625
15,44,207,0.685,0.815
92,44,204,0.415,0.645
209,44,96,0.16,0.35
15,45,199,0.19,0.31
92,45,192,0.05,0.14
209,45,109,0.23,0.46
15,46,223,0.83,0.865
92,46,206,0.02,0.025
209,46,96,0.055,0.345
15,47,202,0.855,0.89
92,47,197,0.24,0.435
209,47,84,0.725,0.935
15,48,215,0.165,0.305
92,48,193,0.03,0.03
209,48,98,0.195,0.89
15,49,209,0.345,0.44
92,49,188,0.145,0.335
209,49,92,0.605,0.915
15,50,184,0.685,0.88
92,50,204,0.035,0.07
209,50,100,0.345,0.84
15,51,203,0.72,0.845
92,51,205,0.05,0.12
209,51,99,0.545,0.865
15,52,193,0.625,0.71
92,52,202,0.925,0.98
209,52,109,0.01,0.085
15,53,213,0.045,0.14
92,53,212,0.15,0.275
209,53,95,0.265,0.755
15,54,197,0.455,0.655
92,54,206,0.18,0.375
209,54,95,0.295,0.91
15,55,193,0.605,0.835
92,55,194,0.915,0.96
209,55,83,0.385,0.925
15,56,203,0.785,0.905
92,56,189,0.325,0.41
209,56,98,0.165,0.62
15,57,209,0.65,0.795
92,57,197,0.285,0.425
209,57,89,0.865,0.965
15,58,195,0.475,0.635
92,58,200,0.45,0.57
209,58,95,0.84,0.97
15,59,201,0.825,0.86
92,59,187,0.03,0.075
209,59,102,0.84,0.955
15,60,207,0.15,0.205
92,60,201,0.77,0.91
209,60,97,0.015,0.35
